0.5,0.48521832,0.0,-0.006964195
0.5,0.48521832,0.0,-0.007041575
0.5,0.48504934,0.0,-0.0071189553
0.5,0.4849283,0.0,-0.007196335
0.5,0.48480597,0.0,-0.0072737155
0.5,0.48469687,0.0,-0.0073510953
0.5,0.48457924,0.0,-0.0074284757
0.5,0.48445296,0.0,-0.0075058555
0.5,0.48431787,0.0,-0.007583236
0.5,0.48418894,0.0,-0.0076606157
0.5,0.48406637,0.0,-0.007737996
0.5,0.48393482,0.0,-0.007815376
0.5,0.48380977,0.0,-0.007892756
0.5,0.4836677,0.0,-0.007970137
0.5,0.48354816,0.0,-0.008047516
0.5,0.48341134,0.0,-0.008124896
0.5,0.4832651,0.0,-0.008202276
0.5,0.48312566,0.0,-0.008279657
0.5,0.48300976,0.0,-0.008357037
0.5,0.4828593,0.0,-0.008434417
0.5,0.48271593,0.0,-0.008511797
0.5,0.48257124,0.0,-0.008589177
0.5,0.4824338,0.0,-0.008666557
0.5,0.48229516,0.0,-0.008743937
0.5,0.4821465,0.0,-0.008821317
0.5,0.48200536,0.0,-0.008898698
0.5,0.48184517,0.0,-0.008976078
0.5,0.48170155,0.0,-0.0090534575
0.5,0.4815567,0.0,-0.009130837
0.5,0.48140147,0.0,-0.009208218
0.5,0.48124495,0.0,-0.009285598
0.5,0.4810964,0.0,-0.009362978
0.5,0.4809372,0.0,-0.009440358
0.5,0.48077673,0.0,-0.009517739
0.5,0.48061493,0.0,-0.009595118
0.5,0.4804614,0.0,-0.009672498
0.5,0.48029697,0.0,-0.009749878
0.5,0.4801312,0.0,-0.009827259
0.5,0.47996417,0.0,-0.009904639
0.5,0.47980568,0.0,-0.009982019
0.5,0.47964597,0.0,-0.009982019
0.5,0.4796327,0.0,-3.9975072E-4
0.5,0.47962585,0.0,-4.0590076E-4
0.5,0.47961935,0.0,-4.0590076E-4
0.5,0.479612,0.0,-4.0897576E-4
0.5,0.4796054,0.0,-4.151258E-4
0.5,0.47959876,0.0,-4.182008E-4
0.5,0.47959125,0.0,-4.212758E-4
0.5,0.4795845,0.0,-4.243508E-4
0.5,0.47957772,0.0,-4.274258E-4
0.5,0.47957045,0.0,-4.3050083E-4
0.5,0.47956312,0.0,-4.3357583E-4
0.5,0.47955617,0.0,-4.3665085E-4
0.5,0.47954658,0.0,-4.3972585E-4
0.5,0.47954085,0.0,-4.4280087E-4
0.5,0.479532,0.0,-4.458759E-4
0.5,0.47952577,0.0,-4.489509E-4
0.5,0.47951904,0.0,-4.5202588E-4
0.5,0.4795091,0.0,-4.5510093E-4
0.5,0.4795027,0.0,-4.5817593E-4
0.5,0.47949445,0.0,-4.6125092E-4
0.5,0.47948846,0.0,-4.6432592E-4
0.5,0.47948104,0.0,-4.6740094E-4
0.5,0.47947308,0.0,-4.7047596E-4
0.5,0.4794637,0.0,-4.7355096E-4
0.5,0.4794547,0.0,-4.7662598E-4
0.5,0.47944754,0.0,-4.7970098E-4
0.5,0.4794389,0.0,-4.82776E-4
0.5,0.47943118,0.0,-4.8585102E-4
0.5,0.47942293,0.0,-4.88926E-4
0.5,0.47941706,0.0,-4.88926E-4
0.5,0.4794092,0.0,-4.95076E-4
0.5,0.47940075,0.0,-4.9815106E-4
0.5,0.4793928,0.0,-5.0122605E-4
0.5,0.47938427,0.0,-5.0430105E-4
0.5,0.4793757,0.0,-5.0737604E-4
0.5,0.47936708,0.0,-5.104511E-4
0.5,0.4793589,0.0,-5.135261E-4
0.5,0.47935018,0.0,-5.166011E-4
0.5,0.47934192,0.0,-5.196761E-4
0.5,0.47933307,0.0,-5.227511E-4
0.5,0.47935316,0.0,0.001606272
0.5,0.4793805,0.0,0.0016156654
0.5,0.47940794,0.0,0.0016250588
0.5,0.47943556,0.0,0.0016344521
0.5,0.47946173,0.0,0.0016438456
0.5,0.47948965,0.0,0.001653239
0.5,0.47951612,0.0,0.0016626325
0.5,0.47954437,0.0,0.0016720258
0.5,0.47957447,0.0,0.0016814192
0.5,0.47959968,0.0,0.0016814192
0.5,0.47963014,0.0,0.0017002061
0.5,0.47965732,0.0,0.0017095994
0.5,0.4796864,0.0,0.0017189928
0.5,0.47971392,0.0,0.0017283863
0.5,0.479745,0.0,0.0017377797
0.5,0.4797728,0.0,0.001747173
0.5,0.47980252,0.0,0.0017565665
0.5,0.47983062,0.0,0.00176596
0.5,0.47986063,0.0,0.0017753534
0.5,0.47988907,0.0,0.0017753534
0.5,0.4799212,0.0,0.0017847469
0.5,0.47995168,0.0,0.0017941402
0.5,0.47998053,0.0,0.0018035336
0.5,0.48001134,0.0,0.0018223205
0.5,0.48004234,0.0,0.0018317138
0.5,0.48007163,0.0,0.0018411073
0.5,0.48010293,0.0,0.0018505007
0.5,0.4801344,0.0,0.0018505007
0.5,0.48016417,0.0,0.0018692875
0.5,0.48019406,0.0,0.0018786809
0.5,0.48022413,0.0,0.0018880743
0.5,0.48025623,0.0,0.0018974678
0.5,0.48029548,0.0,0.0026602114
0.5,0.48034093,0.0,0.0026865501
0.5,0.4803839,0.0,0.0026997195
0.5,0.4804433,0.0,0.0027128889
0.5,0.48047313,0.0,0.0027260582
0.5,0.48052222,0.0,0.0027392274
0.5,0.48058248,0.0,0.002752397
0.5,0.48062375,0.0,0.0027655663
0.5,0.48065972,0.0,0.0027787357
0.5,0.4807042,0.0,0.002791905
0.5,0.48074883,0.0,0.0028050747
0.5,0.48079652,0.0,0.0028182438
0.5,0.48084444,0.0,0.0028314132
0.5,0.48089257,0.0,0.0028314132
0.5,0.48094094,0.0,0.002857752
0.5,0.48098952,0.0,0.0028709215
0.5,0.48103833,0.0,0.0028840906
0.5,0.48108447,0.0,0.00289726
0.5,0.4811308,0.0,0.0029104296
0.5,0.4811803,0.0,0.0029104296
0.5,0.48123,0.0,0.0029367683
0.5,0.48127994,0.0,0.0029499377
0.5,0.48132712,0.0,0.0029631068
0.5,0.48137748,0.0,0.0029762764
0.5,0.4814251,0.0,0.0029894456
0.5,0.48147595,0.0,0.0029894456
0.5,0.48152697,0.0,0.0030026152
0.5,0.48157826,0.0,0.0030289537
0.5,0.48170942,0.0,0.008849826
0.5,0.48184216,0.0,0.008888137
0.5,0.48199326,0.0,0.0089264475
0.5,0.482145,0.0,0.008964758
0.5,0.48228845,0.0,0.009003069
0.5,0.4824415,0.0,0.00904138
0.5,0.4825952,0.0,0.009079691
0.5,0.48274955,0.0,0.009118002
0.5,0.48289546,0.0,0.009156314
0.5,0.48305112,0.0,0.009194624
0.5,0.4832074,0.0,0.0092329355
0.5,0.48335513,0.0,0.009271246
0.5,0.48351276,0.0,0.009309556
0.5,0.4836617,0.0,0.009347868
0.5,0.48382062,0.0,0.009386179
0.5,0.48398018,0.0,0.00942449
0.5,0.48413098,0.0,0.009462801
0.5,0.48429185,0.0,0.009501112
0.5,0.48444387,0.0,0.009539423
0.5,0.48461556,0.0,0.009539423
0.5,0.4847688,0.0,0.009616044
0.5,0.4849323,0.0,0.009654354
0.5,0.48508677,0.0,0.009692665
0.5,0.48525155,0.0,0.009730975
0.5,0.48541695,0.0,0.009769286
0.5,0.48536086,0.0,-0.0034843478
0.5,0.4853016,0.0,-0.0034979584
0.5,0.48524216,0.0,-0.003511569
0.5,0.48518595,0.0,-0.0035251796
0.5,0.48512957,0.0,-0.00353879
0.5,0.48506588,0.0,-0.0035524007
0.5,0.48500547,0.0,-0.003566011
0.5,0.48494843,0.0,-0.003579622
0.5,0.48489115,0.0,-0.0035932322
0.5,0.4848085,0.0,-0.0036068426
0.5,0.48475438,0.0,-0.0036204534
0.5,0.48471096,0.0,-0.0036340638
0.5,0.48465282,0.0,-0.0036476743
0.5,0.4845908,0.0,-0.003661285
0.5,0.4845322,0.0,-0.0036748955
0.5,0.48446238,0.0,-0.0036885059
0.5,0.48440337,0.0,-0.0036885059
0.5,0.48434415,0.0,-0.003715727
0.5,0.4842847,0.0,-0.0037293378
0.5,0.48422128,0.0,-0.0037293378
0.5,0.4841614,0.0,-0.0037565588
0.5,0.4840938,0.0,-0.0037701693
0.5,0.48395717,0.0,-0.0155390985
0.5,0.483693,0.0,-0.0155390985
0.5,0.48342788,0.0,-0.015650889
0.5,0.48317748,0.0,-0.015706783
0.5,0.48291045,0.0,-0.01576268
0.5,0.4826425,0.0,-0.015818574
0.5,0.48237357,0.0,-0.01587447
0.5,0.4821196,0.0,-0.015930366
0.5,0.48184878,0.0,-0.015986262
0.5,0.481577,0.0,-0.016042156
0.5,0.48132032,0.0,-0.01609805
0.5,0.48106277,0.0,-0.016153947
0.5,0.480772,0.0,-0.01620984
0.5,0.48051262,0.0,-0.016265737
0.5,0.4802361,0.0,-0.016321633
0.5,0.47997496,0.0,-0.01637753
0.5,0.47969654,0.0,-0.016433423
0.5,0.4794336,0.0,-0.016489318
0.5,0.4791533,0.0,-0.016545214
0.5,0.47888857,0.0,-0.016601108
0.5,0.47858974,0.0,-0.016657004
0.5,0.4781964,0.0,-0.028089695
0.5,0.47774696,0.0,-0.028183639
0.5,0.47729602,0.0,-0.028277583
0.5,0.4768153,0.0,-0.028371526
0.5,0.476333,0.0,-0.028465472
0.5,0.47587755,0.0,-0.028559417
0.5,0.47539204,0.0,-0.02865336
0.5,0.47490492,0.0,-0.028747305
0.5,0.47430125,0.0,-0.028841248
0.5,0.47386864,0.0,-0.028935194
0.5,0.47349247,0.0,-0.029029138
0.5,0.47288287,0.0,-0.029123083
0.5,0.47238776,0.0,-0.029217027
0.5,0.47192028,0.0,-0.02931097
0.5,0.47153926,0.0,-0.029404916
0.5,0.47103935,0.0,-0.02949886
0.5,0.47053787,0.0,-0.029592805
0.5,0.46994603,0.0,-0.029686749
0.5,0.46941167,0.0,-0.029780691
0.5,0.4689586,0.0,-0.03162108
0.5,0.468421,0.0,-0.03172052
0.5,0.46788177,0.0,-0.031819955
0.5,0.46737266,0.0,-0.03191939
0.5,0.46692577,0.0,-0.032018825
0.5,0.4664135,0.0,-0.03211826
0.5,0.4658996,0.0,-0.032217696
0.5,0.4651908,0.0,-0.032317135
0.5,0.46467373,0.0,-0.03241657
0.5,0.46428472,0.0,-0.032516006
0.5,0.46373194,0.0,-0.032615446
0.5,0.4631775,0.0,-0.03271488
0.5,0.46265405,0.0,-0.032814316
0.5,0.4620962,0.0,-0.032913752
0.5,0.46153668,0.0,-0.033013187
0.5,0.46097547,0.0,-0.033112623
0.5,0.46044564,0.0,-0.033212062
0.5,0.45984784,0.0,-0.033311497
0.5,0.45931485,0.0,-0.033410933
0.5,0.45880648,0.0,-0.02829646
0.5,0.45835376,0.0,-0.028380426
0.5,0.4578713,0.0,-0.028464392
0.5,0.45741585,0.0,-0.028548354
0.5,0.45690197,0.0,-0.02863232
0.5,0.45644388,0.0,-0.028716287
0.5,0.45595568,0.0,-0.02880025
0.5,0.45549488,0.0,-0.028884215
0.5,0.45500386,0.0,-0.028968181
0.5,0.4545114,0.0,-0.029052144
0.5,0.45393035,0.0,-0.02913611
0.5,0.4535516,0.0,-0.029220076
0.5,0.45308405,0.0,-0.029304039
0.5,0.4525859,0.0,-0.029388005
0.5,0.4520863,0.0,-0.029471967
0.5,0.45158526,0.0,-0.029555934
0.5,0.45108283,0.0,-0.0296399
0.5,0.45055178,0.0,-0.043240935
0.5,0.44985992,0.0,-0.043363083
0.5,0.44912273,0.0,-0.043485235
0.5,0.448427,0.0,-0.04360738
0.5,0.44768566,0.0,-0.04372953
0.5,0.44694224,0.0,-0.043851677
0.5,0.44619676,0.0,-0.043973826
0.5,0.44544923,0.0,-0.04409597
0.5,0.4447437,0.0,-0.04421812
0.5,0.443992,0.0,-0.04434027
0.5,0.4432382,0.0,-0.04446242
0.5,0.44248232,0.0,-0.04458457
0.5,0.44181356,0.0,-0.044706713
0.5,0.44100884,0.0,-0.044828862
0.5,0.44024676,0.0,-0.04495101
0.5,0.43952754,0.0,-0.04507316
0.5,0.4387613,0.0,-0.04519531
0.5,0.43794218,0.0,-0.05437383
0.5,0.4370178,0.0,-0.054520387
0.5,0.43614548,0.0,-0.054666944
0.5,0.43521616,0.0,-0.0548135
0.5,0.43428433,0.0,-0.054960065
0.5,0.43340495,0.0,-0.05510662
0.5,0.43241304,0.0,-0.055253178
0.5,0.431529,0.0,-0.05539974
0.5,0.4305872,0.0,-0.0555463
0.5,0.42969844,0.0,-0.055692855
0.5,0.42875168,0.0,-0.055839416
0.5,0.42785823,0.0,-0.055985972
0.5,0.42690647,0.0,-0.056132533
0.5,0.42595223,0.0,-0.056279093
0.5,0.42499548,0.0,-0.05642565
0.5,0.42409268,0.0,-0.05657221
0.5,0.42289862,0.0,-0.07473287
0.5,0.4212545,0.0,-0.07492598
0.5,0.4204303,0.0,-0.075119086
0.5,0.41915327,0.0,-0.07531219
0.5,0.41787297,0.0,-0.075505294
0.5,0.41658938,0.0,-0.075698406
0.5,0.4153782,0.0,-0.07589151
0.5,0.41416395,0.0,-0.076084614
0.5,0.4127944,0.0,-0.076277725
0.5,0.41157398,0.0,-0.07647083
0.5,0.41027397,0.0,-0.07666393
0.5,0.40904734,0.0,-0.076857045
0.5,0.40774077,0.0,-0.07705015
0.5,0.40650797,0.0,-0.07724325
0.5,0.4051176,0.0,-0.07743636
0.5,0.4037036,0.0,-0.09781863
0.5,0.4021385,0.0,-0.09806195
0.5,0.40047145,0.0,-0.09830528
0.5,0.39880025,0.0,-0.098548606
0.5,0.39722347,0.0,-0.098548606
0.5,0.39554402,0.0,-0.098791935
0.5,0.39386043,0.0,-0.099278584
0.5,0.3921727,0.0,-0.09952192
0.5,0.39058033,0.0,-0.09976525
0.5,0.38888434,0.0,-0.10000858
0.5,0.38718417,0.0,-0.1002519
0.5,0.38558015,0.0,-0.10049523
0.5,0.38387173,0.0,-0.100738555
0.5,0.3822599,0.0,-0.10098188
0.5,0.38054323,0.0,-0.10098188
0.5,0.37853,0.0,-0.12272132
0.5,0.3764437,0.0,-0.12272132
0.5,0.37447548,0.0,-0.12330991
0.5,0.3723792,0.0,-0.12360421
0.5,0.37027794,0.0,-0.1238985
0.5,0.36829555,0.0,-0.1241928
0.5,0.3661843,0.0,-0.12448709
0.5,0.3641925,0.0,-0.124781385
0.5,0.362196,0.0,-0.12507567
0.5,0.3595694,0.0,-0.12536997
0.5,0.35781422,0.0,-0.12536997
0.5,0.35567793,0.0,-0.12595855
0.5,0.3536626,0.0,-0.12625284
0.5,0.3515163,0.0,-0.12654714
0.5,0.34921554,0.0,-0.15347402
0.5,0.3466004,0.0,-0.15418784
0.5,0.3441334,0.0,-0.15454476
0.5,0.3413516,0.0,-0.15454476
0.5,0.33887318,0.0,-0.15525858
0.5,0.33623376,0.0,-0.1556155
0.5,0.33374393,0.0,-0.1559724
0.5,0.3310924,0.0,-0.15632933
0.5,0.3285911,0.0,-0.15668623
0.5,0.32592747,0.0,-0.15668623
0.5,0.3231007,0.0,-0.15704314
0.5,0.32058227,0.0,-0.15775697
0.5,0.31805816,0.0,-0.1581139
0.5,0.31537023,0.0,-0.15847081
0.5,0.31285894,0.0,-0.15712462
0.5,0.31018782,0.0,-0.15712462
0.5,0.3075107,0.0,-0.15783079
0.5,0.3048276,0.0,-0.15818387
0.5,0.30134755,0.0,-0.15853696
0.5,0.29912803,0.0,-0.15889005
0.5,0.29706246,0.0,-0.15924314
0.5,0.29419607,0.0,-0.15959622
0.5,0.29164255,0.0,-0.1599493
0.5,0.28908336,0.0,-0.16030239
0.5,0.2861979,0.0,-0.16030239
0.5,0.28346676,0.0,-0.16100857
0.5,0.28072962,0.0,-0.16136165
0.5,0.2785977,0.0,-0.13016212
0.5,0.2762548,0.0,-0.13044631
0.5,0.27390677,0.0,-0.1307305
0.5,0.27168435,0.0,-0.1310147
0.5,0.2695881,0.0,-0.1312989
0.5,0.267356,0.0,-0.1315831
0.5,0.26525068,0.0,-0.13186729
0.5,0.26300895,0.0,-0.13215147
0.5,0.26089454,0.0,-0.13243566
0.5,0.25851068,0.0,-0.13271987
0.5,0.25625446,0.0,-0.13300407
0.5,0.25346136,0.0,-0.13328826
0.5,0.25159532,0.0,-0.13357244
0.5,0.250309,0.0,-0.09393341
0.5,0.24824247,0.0,-0.09413284
0.5,0.24673633,0.0,-0.09433228
0.5,0.24513268,0.0,-0.09453171
0.5,0.2439983,0.0,-0.094731145
0.5,0.24238788,0.0,-0.09493057
0.5,0.24086899,0.0,-0.09513
0.5,0.23887125,0.0,-0.09532943
0.5,0.23734598,0.0,-0.09552886
0.5,0.23562646,0.0,-0.0957283
0.5,0.2340948,0.0,-0.09592773
0.5,0.23246405,0.0,-0.09612717
0.5,0.23123294,0.0,-0.08781919
0.5,0.22974002,0.0,-0.08800101
0.5,0.228332,0.0,-0.08818284
0.5,0.22498105,0.0,-0.08818284
0.5,0.22356722,0.0,-0.08854647
0.5,0.22232758,0.0,-0.088728294
0.5,0.22090791,0.0,-0.088728294
0.5,0.21939644,0.0,-0.08909193
0.5,0.21788189,0.0,-0.08927375
0.5,0.21636423,0.0,-0.08927375
0.5,0.21493293,0.0,-0.08945556
0.5,0.21349874,0.0,-0.08981921
0.5,0.21210906,0.0,-0.08027986
0.5,0.21074429,0.0,-0.08044203
0.5,0.20945723,0.0,-0.08060422
0.5,0.20816755,0.0,-0.080766395
0.5,0.20671377,0.0,-0.08092858
0.5,0.20533797,0.0,-0.081090756
0.5,0.20404053,0.0,-0.08125294
0.5,0.20265922,0.0,-0.08141512
0.5,0.20135659,0.0,-0.08141512
0.5,0.19988818,0.0,-0.08173948
0.5,0.19858035,0.0,-0.08190166
0.5,0.19718803,0.0,-0.08190166
0.5,0.19613011,0.0,-0.06397306
0.5,0.19517052,0.0,-0.06397306
0.5,0.19376034,0.0,-0.06422542
0.5,0.1929254,0.0,-0.064351596
0.5,0.19183142,0.0,-0.06447778
0.5,0.1907353,0.0,-0.06460396
0.5,0.18976624,0.0,-0.06473014
0.5,0.1886011,0.0,-0.06485631
0.5,0.18756339,0.0,-0.064982496
0.5,0.18645869,0.0,-0.064982496
0.5,0.18535185,0.0,-0.065234855
0.5,0.18418188,0.0,-0.08976001
0.5,0.18274572,0.0,-0.08993329
0.5,0.1813068,0.0,-0.09010658
0.5,0.17968488,0.0,-0.090279855
0.5,0.1782404,0.0,-0.09045314
0.5,0.1767027,0.0,-0.09045314
0.5,0.17516205,0.0,-0.09062642
0.5,0.17370926,0.0,-0.09097298
0.5,0.17225368,0.0,-0.09114626
0.5,0.17079535,0.0,-0.09131954
0.5,0.1691516,0.0,-0.091492824
0.5,0.16759622,0.0,-0.0916661
0.5,0.16599062,0.0,-0.10509644
0.5,0.1643059,0.0,-0.10549377
0.5,0.16240701,0.0,-0.10549377
0.5,0.16061024,0.0,-0.10569244
0.5,0.15891598,0.0,-0.10608978
0.5,0.15721855,0.0,-0.10628845
0.5,0.15530536,0.0,-0.10628845
0.5,0.15360156,0.0,-0.10668579
0.5,0.15200128,0.0,-0.10688446
0.5,0.15007736,0.0,-0.10688446
0.5,0.14825694,0.0,-0.10728178
0.5,0.14657767,0.0,-0.08750339
0.5,0.14509012,0.0,-0.08766513
0.5,0.14359981,0.0,-0.08782688
0.5,0.14219458,0.0,-0.087988615
0.5,0.14087476,0.0,-0.08815036
0.5,0.1391999,0.0,-0.088312104
0.5,0.13778691,0.0,-0.08847385
0.5,0.13637131,0.0,-0.08847385
0.5,0.13495316,0.0,-0.08879733
0.5,0.1333548,0.0,-0.088959076
0.5,0.1318425,0.0,-0.08912082
0.5,0.1305556,0.0,-0.069126144
0.5,0.12937832,0.0,-0.0692516
0.5,0.1281989,0.0,-0.06950251
0.5,0.12708686,0.0,-0.06962796
0.5,0.12597282,0.0,-0.069753416
0.5,0.12471726,0.0,-0.069878876
0.5,0.123599194,0.0,-0.07000433
0.5,0.12240912,0.0,-0.07012978
0.5,0.121216916,0.0,-0.07025524
0.5,0.12009284,0.0,-0.070380695
0.5,0.118896365,0.0,-0.07050615
0.5,0.11782589,0.0,-0.06499718
0.5,0.11652594,0.0,-0.06511263
0.5,0.11541903,0.0,-0.065228075
0.5,0.114505835,0.0,-0.06534352
0.5,0.11346034,0.0,-0.065458976
0.5,0.112347536,0.0,-0.06557442
0.5,0.111298345,0.0,-0.06568987
0.5,0.109984554,0.0,-0.065805316
0.5,0.10912908,0.0,-0.06592076
0.5,0.10794251,0.0,-0.06603621
0.5,0.106910035,0.0,-0.03949143
0.5,0.10623868,0.0,-0.039560348
0.5,0.10556615,0.0,-0.039560348
0.5,0.104932085,0.0,-0.039698187
0.5,0.10425721,0.0,-0.039767105
0.5,0.1036607,0.0,-0.039836027
0.5,0.10290382,0.0,-0.039904945
0.5,0.10226534,0.0,-0.03997387
0.5,0.101625755,0.0,-0.040042788
0.5,0.100904986,0.0,-0.04011171
0.49,0.1002632,0.0,-0.040180627
0.49,0.100004666,0.0,-0.0045493026
0.49,0.099922776,0.0,-0.0045570927
0.49,0.099849865,0.0,-0.0045648823
0.49,0.09977226,0.0,-0.0045726723
0.49,0.0996991,0.0,-0.004580462
0.49,0.09962123,0.0,-0.004588252
0.49,0.09954782,0.0,-0.004596042
0.49,0.099469684,0.0,-0.0046038316
0.49,0.09939142,0.0,-0.0046116216
0.49,0.09931303,0.0,-0.004619411
0.49,0.0993317,0.0,0.007428217
0.49,0.09945055,0.0,0.0074407225
0.49,0.09958448,0.0,0.007453228
0.49,0.09971119,0.0,0.007465733
0.49,0.099830635,0.0,0.007465733
0.49,0.09995777,0.0,0.007490744
0.49,0.10007762,0.0,0.007503249
0.49,0.100205176,0.0,0.0075157546
0.49,0.100332946,0.0,0.00752826
0.49,0.10045339,0.0,0.007540765
0.49,0.10075569,0.0,0.030875003
0.49,0.101249695,0.0,0.030926121
0.49,0.10177544,0.0,0.03097724
0.49,0.10230205,0.0,0.031028355
0.49,0.10279851,0.0,0.031079473
0.49,0.10332686,0.0,0.031130591
0.48,0.10385608,0.0,0.031181706
0.47,0.104354985,0.0,0.031181706
0.47,0.104917176,0.0,0.03128394
0.46,0.10541772,0.0,0.03133506
0.45,0.10611561,0.0,0.053252928
0.44,0.10702091,0.0,0.053339656
0.44,0.10792768,0.0,0.053426385
0.43,0.10883593,0.0,0.05351312
0.42000002,0.10969214,0.0,0.05351312
0.42000002,0.11060334,0.0,0.053686578
0.41000003,0.111516014,0.0,0.053773306
0.4,0.112430155,0.0,0.053860042
0.4,0.11329192,0.0,0.05394677
0.39000002,0.11415507,0.0,0.0540335
0.38000003,0.11501277,0.0,0.0498057
0.38000003,0.115859464,0.0,0.049885515
0.37,0.11670752,0.0,0.049965333
0.36,0.117506966,0.0,0.050045148
0.36,0.11835773,0.0,0.05012497
0.36,0.11946048,0.0,0.050204784
0.36,0.12031396,0.0,0.0502846
0.36,0.1211688,0.0,0.050364416
0.36,0.122025,0.0,0.05044423
0.36,0.122744285,0.0,0.04666805
0.36,0.12339764,0.0,0.046741776
0.36,0.124192245,0.0,0.0468155
0.36,0.1249413,0.0,0.046889223
0.36,0.1257853,0.0,0.04696295
0.36,0.12677152,0.0,0.047036674
0.36,0.12747708,0.0,0.047110397
0.36,0.12827796,0.0,0.04718412
0.36,0.12903291,0.0,0.047257848
0.36,0.12972888,0.0,0.017740838
0.35000002,0.13001274,0.0,0.01776847
0.35000002,0.13027926,0.0,0.017796105
0.35000002,0.1305462,0.0,0.017823739
0.35000002,0.1308492,0.0,0.017851371
0.35000002,0.13115267,0.0,0.017879006
0.35000002,0.13145661,0.0,0.01790664
0.35000002,0.13176103,0.0,0.017934272
0.35000002,0.13204798,0.0,0.017961906
0.35000002,0.13233536,0.0,0.017989539
0.35000002,0.13213632,0.0,-0.02271014
0.35000002,0.13177295,0.0,-0.022744972
0.35000002,0.13138628,0.0,-0.022779804
0.35000002,0.13099903,0.0,-0.022814635
0.35000002,0.130634,0.0,-0.022849467
0.35000002,0.13026841,0.0,-0.022884298
0.35000002,0.12987937,0.0,-0.02291913
0.35000002,0.12948975,0.0,-0.022953961
0.35000002,0.12909953,0.0,-0.022988793
0.35000002,0.12870009,0.0,-0.026440842
0.35000002,0.1282506,0.0,-0.026480842
0.35000002,0.12780042,0.0,-0.026520843
0.35000002,0.1273761,0.0,-0.026560845
0.35000002,0.12689799,0.0,-0.026600845
0.35000002,0.12644579,0.0,-0.026640845
0.35000002,0.12601952,0.0,-0.026680848
0.35000002,0.12561932,0.0,-0.026720848
0.35000002,0.12516506,0.0,-0.026760848
0.34,0.12454011,0.0,-0.04623902
0.32999998,0.12375405,0.0,-0.04630803
0.32999998,0.12296681,0.0,-0.046377048
0.32,0.12222478,0.0,-0.04644606
0.31,0.12138875,0.0,-0.046515074
0.31,0.120691024,0.0,-0.046584085
0.29999998,0.119899094,0.0,-0.0466531
0.28999996,0.119105995,0.0,-0.04672211
0.28999996,0.11831172,0.0,-0.046791125
0.27999997,0.11714248,0.0,-0.08791215
0.26999998,0.11564797,0.0,-0.08804162
0.26999998,0.11423931,0.0,-0.088171095
0.26999998,0.112740405,0.0,-0.08830056
0.26999998,0.11123929,0.0,-0.08843004
0.26999998,0.10982441,0.0,-0.08855951
0.26999998,0.1083189,0.0,-0.088688985
0.26999998,0.10681119,0.0,-0.08881845
0.26999998,0.105390094,0.0,-0.08894793
0.26999998,0.10381391,0.0,-0.09376417
0.26999998,0.10231368,0.0,-0.09390045
0.26999998,0.10024787,0.0,-0.09403673
0.26999998,0.09874328,0.0,-0.09417302
0.26999998,0.09761321,0.0,-0.0943093
0.26999998,0.095915645,0.0,-0.094445586
0.26999998,0.09440451,0.0,-0.09458187
0.26999998,0.09279662,0.0,-0.09471816
0.26999998,0.09129255,0.0,-0.08903157
0.26999998,0.08977901,0.0,-0.08915949
0.26999998,0.0882633,0.0,-0.0892874
0.26999998,0.08683471,0.0,-0.08941532
0.26999998,0.08522523,0.0,-0.089543246
0.26999998,0.08379254,0.0,-0.089671165
0.26999998,0.08226813,0.0,-0.089799084
0.26999998,0.08083134,0.0,-0.089926995
0.26999998,0.07930259,0.0,-0.090054914
0.26999998,0.07787776,0.0,-0.079591565
0.26999998,0.07660429,0.0,-0.079704456
0.26999998,0.07524932,0.0,-0.079817355
0.26999998,0.07389242,0.0,-0.079930246
0.26999998,0.07261354,0.0,-0.080043145
0.26999998,0.07141289,0.0,-0.080156036
0.26999998,0.069889925,0.0,-0.080268934
0.26999998,0.06852536,0.0,-0.080268934
0.26999998,0.06725696,0.0,-0.07074637
0.26999998,0.06605427,0.0,-0.07074637
0.26999998,0.06492074,0.0,-0.070944816
0.26999998,0.06378562,0.0,-0.071044035
0.26999998,0.06271996,0.0,-0.07114326
0.26999998,0.061297096,0.0,-0.07124248
0.26999998,0.060157213,0.0,-0.07134171
0.26999998,0.059015743,0.0,-0.07144093
0.26999998,0.05780125,0.0,-0.071540155
0.26999998,0.05676989,0.0,-0.05655857
0.26999998,0.05580839,0.0,-0.05663691
0.26999998,0.0549022,0.0,-0.056715243
0.26999998,0.053938042,0.0,-0.056715243
0.26999998,0.053029343,0.0,-0.056871917
0.26999998,0.05200565,0.0,-0.056871917
0.26999998,0.051094443,0.0,-0.057028588
0.26999998,0.05012496,0.0,-0.05710692
0.26999998,0.049575824,0.0,-0.0073136375
0.26999998,0.049458645,0.0,-0.0073337024
0.26999998,0.04931931,0.0,-0.0073437346
0.26999998,0.04917243,0.0,-0.0073537673
0.26999998,0.04906948,0.0,-0.0073637995
0.26999998,0.04895166,0.0,-0.007373832
0.26999998,0.048833676,0.0,-0.007383864
0.26999998,0.048686,0.0,-0.0073938966
0.26999998,0.04887059,0.0,0.024721652
0.26999998,0.049266137,0.0,0.02475515
0.26999998,0.049686972,0.0,0.02478865
0.26999998,0.050083593,0.0,0.024822148
0.26999998,0.050505567,0.0,0.024855644
0.26999998,0.050928116,0.0,0.024889143
0.26999998,0.05135123,0.0,0.024922641
0.26999998,0.051749993,0.0,0.024956139
0.26999998,0.05247679,0.0,0.06312029
0.26999998,0.053486712,0.0,0.0632049
0.26999998,0.054561198,0.0,0.06328951
0.26999998,0.055637117,0.0,0.06337412
0.26999998,0.057031352,0.0,0.06345873
0.26999998,0.057983227,0.0,0.06354335
0.26999998,0.05880929,0.0,0.06362796
0.26999998,0.05989097,0.0,0.06371257
0.26999998,0.06089135,0.0,0.061232675
0.26999998,0.061932303,0.0,0.061232675
0.26999998,0.06291333,0.0,0.061395094
0.26999998,0.06395704,0.0,0.061395094
0.26999998,0.06500214,0.0,0.061557516
0.26999998,0.06598706,0.0,0.061638728
0.26999998,0.067034915,0.0,0.061719935
0.26999998,0.06808416,0.0,0.061719935
0.26999998,0.06905924,0.0,0.06015156
0.26999998,0.070022926,0.0,0.060309645
0.26999998,0.071108505,0.0,0.060309645
0.26999998,0.07207472,0.0,0.060467727
0.26999998,0.07316314,0.0,0.06054677
0.26999998,0.07413189,0.0,0.060625818
0.26999998,0.0751019,0.0,0.060704857
0.26999998,0.076133884,0.0,0.0607839
0.26999998,0.077638425,0.0,0.11115955
0.26999998,0.0796393,0.0,0.11115955
0.26999998,0.081531465,0.0,0.1113039
0.26999998,0.083314635,0.0,0.111592636
0.26999998,0.08510012,0.0,0.111737
0.26999998,0.086999655,0.0,0.11188136
0.26999998,0.08890163,0.0,0.11188136
0.26999998,0.09069405,0.0,0.112170085
0.26999998,0.09242762,0.0,0.100876436
0.26999998,0.094041646,0.0,0.1010061
0.26999998,0.09585975,0.0,0.10113575
0.26999998,0.09747793,0.0,0.10126542
0.26999998,0.09909817,0.0,0.10139508
0.26999998,0.10092328,0.0,0.10152474
0.26999998,0.102547675,0.0,0.101654395
0.26999998,0.10422872,0.0,0.09010909
0.26999998,0.10567046,0.0,0.09010909
0.26999998,0.107204266,0.0,0.09033866
0.26999998,0.108740024,0.0,0.09045345
0.26999998,0.110277735,0.0,0.090568244
0.26999998,0.11172683,0.0,0.09068303
0.26999998,0.11372185,0.0,0.09079782
0.26999998,0.115174614,0.0,0.09091261
0.26999998,0.11725754,0.0,0.14585912
0.26999998,0.11973715,0.0,0.14604306
0.26999998,0.12251197,0.0,0.14622699
0.26999998,0.12455914,0.0,0.14641093
0.26999998,0.12646249,0.0,0.14659485
0.26999998,0.1291012,0.0,0.14677879
0.26999998,0.13144965,0.0,0.14696272
0.26999998,0.13466443,0.0,0.20940855
0.26999998,0.13822438,0.0,0.2096703
0.26999998,0.1415791,0.0,0.20993206
0.26999998,0.1455678,0.0,0.21019383
0.26999998,0.14851052,0.0,0.21045558
0.26999998,0.15229872,0.0,0.21071734
0.26999998,0.15482731,0.0,0.21097912
0.26999998,0.15841396,0.0,0.21124087
0.26999998,0.16227792,0.0,0.23910224
0.26999998,0.16634266,0.0,0.23939817
0.26999998,0.17017303,0.0,0.23969407
0.26999998,0.1754463,0.0,0.23999
0.26999998,0.17904615,0.0,0.24028592
0.26999998,0.18216987,0.0,0.24058184
0.26999998,0.1869815,0.0,0.24087775
0.26999998,0.19012496,0.0,0.24596387
0.26999998,0.19430634,0.0,0.24626568
0.26999998,0.19849285,0.0,0.24656746
0.26999998,0.2026845,0.0,0.24686927
0.26999998,0.20762189,0.0,0.24717106
0.26999998,0.21207096,0.0,0.24747285
0.26999998,0.21479318,0.0,0.24777465
0.26999998,0.21925312,0.0,0.24807645
0.26999998,0.22363926,0.0,0.27766225
0.26999998,0.22835954,0.0,0.2779996
0.26999998,0.23308553,0.0,0.278337
0.26999998,0.23781724,0.0,0.27867436
0.26999998,0.24199736,0.0,0.27901176
0.26999998,0.24674056,0.0,0.27934912
0.26999998,0.2514895,0.0,0.2796865
0.26999998,0.2563311,0.0,0.3204373
0.26999998,0.26209897,0.0,0.3204373
0.26999998,0.26723215,0.0,0.32120946
0.26999998,0.2726927,0.0,0.32159555
0.26999998,0.27783823,0.0,0.3219816
0.26999998,0.28331193,0.0,0.3223677
0.26999998,0.2887922,0.0,0.32275376
0.26999998,0.29412428,0.0,0.35134986
0.26999998,0.30009723,0.0,0.35176963
0.26999998,0.30572554,0.0,0.3521894
0.26999998,0.31206495,0.0,0.35260916
0.26999998,0.3177067,0.0,0.35302892
0.26999998,0.32335514,0.0,0.35344872
0.26999998,0.32971722,0.0,0.35386848
0.26999998,0.3353089,0.0,0.33613414
0.26999998,0.34068707,0.0,0.33653235
0.26999998,0.34640813,0.0,0.33653235
0.26999998,0.35213593,0.0,0.3373289
0.26999998,0.35820785,0.0,0.3373289
0.26999998,0.3636115,0.0,0.3381254
0.26999998,0.3690215,0.0,0.3385237
0.26999998,0.37477055,0.0,0.3368068
0.26999998,0.38049626,0.0,0.33720258
0.26999998,0.3858915,0.0,0.33759835
0.26999998,0.39129305,0.0,0.33799413
0.26999998,0.39737695,0.0,0.3383899
0.26999998,0.4027912,0.0,0.33878568
0.26999998,0.40855056,0.0,0.33918145
0.26999998,0.41402107,0.0,0.36585417
0.26999998,0.42024058,0.0,0.36628056
0.26999998,0.42646736,0.0,0.36670697
0.26999998,0.43270138,0.0,0.36713335
0.26999998,0.43894264,0.0,0.36755976
0.26999998,0.4448236,0.0,0.36798614
0.26999998,0.45107937,0.0,0.36841258
0.26999998,0.4570173,0.0,0.38622132
0.26999998,0.46319684,0.0,0.38666785
0.26999998,0.47015685,0.0,0.38711432
0.26999998,0.4763507,0.0,0.38756084
0.26999998,0.48293924,0.0,0.38756084
0.26999998,0.48914734,0.0,0.3884538
0.26999998,0.49885866,0.0,0.38890034
0.26999998,0.50387335,0.0,0.43736425
0.26999998,0.5095591,0.0,0.43786582
0.26999998,0.5170028,0.0,0.4383674
0.26999998,0.5240167,0.0,0.4388689
0.26999998,0.5323552,0.0,0.43937048
0.26999998,0.53938514,0.0,0.43987206
0.26999998,0.54686296,0.0,0.44037363
0.26999998,0.553768,0.0,0.42047846
0.26999998,0.5604956,0.0,0.4209568
0.26999998,0.56765187,0.0,0.42143515
0.26999998,0.5743948,0.0,0.42191353
0.26999998,0.58156735,0.0,0.4223919
0.26999998,0.58874804,0.0,0.42287025
0.26999998,0.59551394,0.0,0.4233486
0.26999998,0.60312855,0.0,0.42328566
0.26999998,0.6103244,0.0,0.42376342
0.26999998,0.61668086,0.0,0.42424116
0.26999998,0.62389296,0.0,0.4247189
0.26999998,0.6311132,0.0,0.42519665
0.26999998,0.63834155,0.0,0.42567438
0.26999998,0.64515233,0.0,0.42615217
0.26999998,0.6530938,0.0,0.44482163
0.26999998,0.6606558,0.0,0.44531974
0.26999998,0.66733557,0.0,0.4458179
0.26999998,0.6749145,0.0,0.446316
0.26999998,0.68250185,0.0,0.44681412
0.26999998,0.6900977,0.0,0.4473122
0.26999998,0.6972141,0.0,0.4290634
0.26999998,0.70407915,0.0,0.4295407
0.26999998,0.7118109,0.0,0.43001792
0.26999998,0.7186912,0.0,0.43001792
0.26999998,0.72557145,0.0,0.43001792
0.26999998,0.7328818,0.0,0.43001792
0.26999998,0.74019206,0.0,0.43001792
0.26999998,0.74729085,0.0,0.40395144
0.26999998,0.7537541,0.0,0.40395144
0.26999998,0.76062125,0.0,0.40395144
0.26999998,0.7670845,0.0,0.40395144
0.26999998,0.77395165,0.0,0.40395144
0.26999998,0.7808188,0.0,0.40395144
0.26999998,0.78728205,0.0,0.40395144
0.26999998,0.7933322,0.0,0.34170717
0.26999998,0.79948294,0.0,0.34170717
0.26999998,0.80529195,0.0,0.34170717
0.26999998,0.8104176,0.0,0.34170717
0.26999998,0.8162266,0.0,0.34170717
0.26999998,0.8220356,0.0,0.34170717
0.26999998,0.8276593,0.0,0.28261474
0.26999998,0.8318985,0.0,0.28261474
0.26999998,0.83670294,0.0,0.28261474
0.26999998,0.8415074,0.0,0.28261474
0.26999998,0.8460292,0.0,0.28261474
0.26999998,0.8511163,0.0,0.28261474
0.26999998,0.85592073,0.0,0.28261474
0.26999998,0.85989034,0.0,0.21484062
0.26999998,0.8635427,0.0,0.21484062
0.26999998,0.8669801,0.0,0.21484062
0.26999998,0.87041754,0.0,0.21484062
0.26999998,0.8742847,0.0,0.21484062
0.26999998,0.87772214,0.0,0.21484062
0.26999998,0.8822955,0.0,0.14390606
0.26999998,0.88416624,0.0,0.14390606
0.26999998,0.8863248,0.0,0.14390606
0.26999998,0.88877124,0.0,0.14390606
0.26999998,0.89121765,0.0,0.14390606
0.26999998,0.8935201,0.0,0.14390606
0.26999998,0.89596653,0.0,0.14390606
0.26999998,0.8981251,0.0,0.07757496
0.26999998,0.89944386,0.0,0.07757496
0.26999998,0.9007626,0.0,0.07757496
0.26999998,0.90208143,0.0,0.07757496
0.26999998,0.9034002,0.0,0.07757496
0.26999998,0.9046414,0.0,0.07757496
0.26999998,0.9058826,0.0,0.07757496
0.26999998,0.9066664,0.0,0.012189577
0.26999998,0.90687364,0.0,0.012189577
0.26999998,0.9070808,0.0,0.012189577
0.26999998,0.9072759,0.0,0.012189577
0.26999998,0.9074831,0.0,0.012189577
0.26999998,0.90769035,0.0,0.012189577
0.26999998,0.9078854,0.0,0.012189577
0.26999998,0.9081366,0.0,0.011929653
0.26999998,0.9083275,0.0,0.011929653
0.26999998,0.90850645,0.0,0.011929653
0.26999998,0.90874505,0.0,0.011929653
0.26999998,0.908924,0.0,0.011929653
0.26999998,0.9091029,0.0,0.011929653
0.26999998,0.90930974,0.0,0.02062905
0.26999998,0.9096398,0.0,0.02062905
0.26999998,0.9100111,0.0,0.02062905
0.26999998,0.9104237,0.0,0.02062905
0.26999998,0.91079503,0.0,0.02062905
0.26999998,0.9110426,0.0,0.02062905
0.26999998,0.9114758,0.0,0.02062905
0.26999998,0.9116975,0.0,0.013448382
0.26999998,0.9118858,0.0,0.013448382
0.26999998,0.912101,0.0,0.013448382
0.26999998,0.91231614,0.0,0.013448382
0.26999998,0.9125582,0.0,0.013448382
0.26999998,0.9127734,0.0,0.013448382
0.26999998,0.913002,0.0,0.013448382
0.26999998,0.9138999,0.0,0.05740561
0.26999998,0.9148184,0.0,0.05740561
0.26999998,0.9157369,0.0,0.05740561
0.26999998,0.9167128,0.0,0.05740561
0.26999998,0.91768867,0.0,0.05740561
0.26999998,0.9186072,0.0,0.05740561
0.26999998,0.919691,0.0,0.09075913
0.26999998,0.92132473,0.0,0.09075913
0.26999998,0.9226861,0.0,0.09075913
0.26999998,0.924229,0.0,0.09075913
0.26999998,0.9257719,0.0,0.09075913
0.26999998,0.92722404,0.0,0.09075913
0.26999998,0.92885774,0.0,0.09075913
0.26999998,0.93003047,0.0,0.060546182
0.26999998,0.93099916,0.0,0.060546182
0.26999998,0.9320285,0.0,0.060546182
0.26999998,0.9330577,0.0,0.060546182
0.26999998,0.9340265,0.0,0.060546182
0.26999998,0.9350558,0.0,0.060546182
0.26999998,0.9365202,0.0,0.05268563
0.26999998,0.93720514,0.0,0.05268563
0.26999998,0.93783736,0.0,0.05268563
0.26999998,0.93873304,0.0,0.05268563
0.26999998,0.93957597,0.0,0.05268563
0.26999998,0.94047165,0.0,0.05268563
0.26999998,0.9413673,0.0,0.05268563
0.26999998,0.94220436,0.0,0.0389596
0.26999998,0.9428277,0.0,0.0389596
0.26999998,0.94349,0.0,0.0389596
0.26999998,0.9441523,0.0,0.0389596
0.26999998,0.9448146,0.0,0.0389596
0.26999998,0.94543797,0.0,0.0389596
0.26999998,0.9461003,0.0,0.0389596
0.26999998,0.94593656,0.0,-0.041376784
0.26999998,0.94527453,0.0,-0.041376784
0.26999998,0.9446125,0.0,-0.041376784
0.26999998,0.94386774,0.0,-0.041376784
0.26999998,0.9432057,0.0,-0.041376784
0.26999998,0.9425437,0.0,-0.041376784
0.26999998,0.9418403,0.0,-0.041376784
0.26999998,0.9410404,0.0,-0.0476837
0.26999998,0.94027746,0.0,-0.0476837
0.26999998,0.93946683,0.0,-0.0476837
0.26999998,0.9387039,0.0,-0.0476837
0.26999998,0.9378933,0.0,-0.0476837
0.26999998,0.93703496,0.0,-0.0476837
0.26999998,0.93630576,0.0,-0.039848927
0.26999998,0.9356682,0.0,-0.039848927
0.26999998,0.93499076,0.0,-0.039848927
0.26999998,0.93431336,0.0,-0.039848927
0.26999998,0.9336359,0.0,-0.039848927
0.26999998,0.9329983,0.0,-0.039848927
0.26999998,0.9323209,0.0,-0.039848927
0.26999998,0.931181,0.0,-0.093768656
0.26999998,0.92958695,0.0,-0.093768656
0.26999998,0.9279929,0.0,-0.093768656
0.26999998,0.9264926,0.0,-0.093768656
0.26999998,0.9248985,0.0,-0.093768656
0.26999998,0.92330444,0.0,-0.093768656
0.26999998,0.9217104,0.0,-0.093768656
0.26999998,0.9195828,0.0,-0.1346938
0.26999998,0.917293,0.0,-0.1346938
0.26999998,0.91513795,0.0,-0.1346938
0.26999998,0.9128481,0.0,-0.1346938
0.26999998,0.91055834,0.0,-0.1346938
0.26999998,0.9082685,0.0,-0.1346938
0.26999998,0.90602034,0.0,-0.15614988
0.26999998,0.9032097,0.0,-0.15614988
0.26999998,0.9008674,0.0,-0.15614988
0.26999998,0.89821285,0.0,-0.15614988
0.26999998,0.89571446,0.0,-0.15614988
0.26999998,0.8930599,0.0,-0.15614988
0.26999998,0.89040536,0.0,-0.15614988
0.26999998,0.887459,0.0,-0.18435109
0.26999998,0.88432497,0.0,-0.18435109
0.26999998,0.8813754,0.0,-0.18435109
0.26999998,0.8784258,0.0,-0.18435109
0.26999998,0.8754761,0.0,-0.18435109
0.26999998,0.87197345,0.0,-0.18435109
0.26999998,0.86902386,0.0,-0.18435109
0.26999998,0.8656207,0.0,-0.16135642
0.26999998,0.8632003,0.0,-0.16135642
0.26999998,0.86094135,0.0,-0.16135642
0.26999998,0.8581983,0.0,-0.16135642
0.26999998,0.85561657,0.0,-0.16135642
0.26999998,0.8528735,0.0,-0.16135642
0.26999998,0.8502946,0.0,-0.16072111
0.26999998,0.8475623,0.0,-0.16072111
0.26999998,0.8448301,0.0,-0.16072111
0.26999998,0.8420978,0.0,-0.16072111
0.26999998,0.8395263,0.0,-0.16072111
0.26999998,0.836794,0.0,-0.16072111
0.26999998,0.8342225,0.0,-0.16072111
0.26999998,0.8306982,0.0,-0.21618481
0.26999998,0.8272392,0.0,-0.21618481
0.26999998,0.82378024,0.0,-0.21618481
0.26999998,0.8203213,0.0,-0.21618481
0.26999998,0.81643,0.0,-0.21618481
0.26999998,0.8127548,0.0,-0.21618481
0.26999998,0.8092959,0.0,-0.21618481
0.26999998,0.8056999,0.0,-0.22508773
0.26999998,0.8016483,0.0,-0.22508773
0.26999998,0.7980469,0.0,-0.22508773
0.26999998,0.7942204,0.0,-0.22508773
0.26999998,0.7903939,0.0,-0.22508773
0.26999998,0.7867925,0.0,-0.22508773
0.26999998,0.7828472,0.0,-0.24706958
0.26999998,0.77889407,0.0,-0.24706958
0.26999998,0.77494097,0.0,-0.24706958
0.26999998,0.77049375,0.0,-0.24706958
0.26999998,0.7662935,0.0,-0.24706958
0.26999998,0.7623404,0.0,-0.24706958
0.26999998,0.75814027,0.0,-0.24706958
0.26999998,0.7535538,0.0,-0.30786815
0.26999998,0.7480122,0.0,-0.30786815
0.26999998,0.74308634,0.0,-0.30786815
0.26999998,0.7378526,0.0,-0.30786815
0.26999998,0.73292667,0.0,-0.30786815
0.26999998,0.7276929,0.0,-0.30786815
0.26999998,0.7224316,0.0,-0.37228903
0.26999998,0.7161027,0.0,-0.37228903
0.26999998,0.71014607,0.0,-0.37228903
0.26999998,0.7038171,0.0,-0.37228903
0.26999998,0.69786054,0.0,-0.37228903
0.26999998,0.6915316,0.0,-0.37228903
0.26999998,0.6852027,0.0,-0.37228903
0.26999998,0.67895055,0.0,-0.3603712
0.26999998,0.6731846,0.0,-0.3603712
0.26999998,0.6670583,0.0,-0.3603712
0.26999998,0.660932,0.0,-0.3603712
0.26999998,0.65516603,0.0,-0.3603712
0.26999998,0.64903975,0.0,-0.3603712
0.26999998,0.6429134,0.0,-0.3603712
0.26999998,0.63763374,0.0,-0.31790262
0.26999998,0.6325473,0.0,-0.31790262
0.26999998,0.62682503,0.0,-0.31790262
0.26999998,0.62142074,0.0,-0.31790262
0.26999998,0.61633426,0.0,-0.31790262
0.26999998,0.61124784,0.0,-0.31790262
0.26999998,0.60585225,0.0,-0.29893678
0.26999998,0.59867775,0.0,-0.29893678
0.26999998,0.5941937,0.0,-0.29893678
0.26999998,0.5894107,0.0,-0.29893678
0.26999998,0.58492666,0.0,-0.29893678
0.26999998,0.5813394,0.0,-0.29893678
0.26999998,0.5747628,0.0,-0.29893678
0.26999998,0.57026404,0.0,-0.2689322
0.26999998,0.5656922,0.0,-0.2689322
0.26999998,0.5613893,0.0,-0.2689322
0.26999998,0.55385923,0.0,-0.2689322
0.26999998,0.55385923,0.0,-0.2689322
0.26999998,0.5460602,0.0,-0.2689322
0.26999998,0.54189485,0.0,-0.23823807
0.26999998,0.53784484,0.0,-0.23823807
0.26999998,0.53427124,0.0,-0.23823807
0.26999998,0.529983,0.0,-0.23823807
0.26999998,0.52593297,0.0,-0.23823807
0.26999998,0.5230741,0.0,-0.23823807
0.26999998,0.519024,0.0,-0.23823807
0.26999998,0.5150213,0.0,-0.23094678
0.26999998,0.5113262,0.0,-0.23094678
0.26999998,0.5074001,0.0,-0.23094678
0.26999998,0.503474,0.0,-0.23094678
0.26999998,0.49977887,0.0,-0.23094678
0.26999998,0.49585277,0.0,-0.23094678
0.26999998,0.49192667,0.0,-0.23094678
0.26999998,0.48752925,0.0,-0.26863548
0.26999998,0.4832311,0.0,-0.26863548
0.26999998,0.47893292,0.0,-0.26863548
0.26999998,0.47436613,0.0,-0.26863548
0.26999998,0.4697993,0.0,-0.26863548
0.26999998,0.46550116,0.0,-0.26863548
0.26999998,0.4606942,0.0,-0.24986269
0.26999998,0.4566964,0.0,-0.24986269
0.26999998,0.45244873,0.0,-0.24986269
0.26999998,0.44845092,0.0,-0.24986269
0.26999998,0.44420326,0.0,-0.24986269
0.26999998,0.4399556,0.0,-0.24986269
0.26999998,0.4359578,0.0,-0.24986269
0.26999998,0.43175602,0.0,-0.24283454
0.26999998,0.42787066,0.0,-0.24283454
0.26999998,0.42349964,0.0,-0.24283454
0.26999998,0.41937146,0.0,-0.24283454
0.26999998,0.41524327,0.0,-0.24283454
0.26999998,0.4113579,0.0,-0.24283454
0.26999998,0.40722972,0.0,-0.24283454
0.26999998,0.40232214,0.0,-0.30040047
0.26999998,0.39781612,0.0,-0.30040047
0.26999998,0.3927093,0.0,-0.30040047
0.26999998,0.3876025,0.0,-0.30040047
0.26999998,0.3827961,0.0,-0.30040047
0.26999998,0.3776893,0.0,-0.30040047
0.26999998,0.37252843,0.0,-0.3352641
0.26999998,0.36682895,0.0,-0.3352641
0.26999998,0.3614647,0.0,-0.3352641
0.26999998,0.35576522,0.0,-0.3352641
0.26999998,0.3497305,0.0,-0.3352641
0.26999998,0.34403098,0.0,-0.3352641
0.26999998,0.339002,0.0,-0.3352641
0.26999998,0.33313304,0.0,-0.3576796
0.26999998,0.32454872,0.0,-0.3576796
0.26999998,0.32061425,0.0,-0.3576796
0.26999998,0.31524906,0.0,-0.3576796
0.26999998,0.3095262,0.0,-0.3576796
0.26999998,0.30344564,0.0,-0.3576796
0.26999998,0.2973651,0.0,-0.3576796
0.26999998,0.2906479,0.0,-0.40458408
0.26999998,0.28457916,0.0,-0.40458408
0.26999998,0.27770123,0.0,-0.40458408
0.26999998,0.2708233,0.0,-0.40458408
0.26999998,0.26232702,0.0,-0.40458408
0.26999998,0.25585368,0.0,-0.40458408
0.26999998,0.2497738,0.0,-0.40768933
0.26999998,0.24284308,0.0,-0.40768933
0.26999998,0.23632005,0.0,-0.40768933
0.26999998,0.22938934,0.0,-0.40768933
0.26999998,0.22286631,0.0,-0.40768933
0.26999998,0.21593559,0.0,-0.40768933
0.26999998,0.20900488,0.0,-0.40768933
0.26999998,0.20314035,0.0,-0.33107793
0.26999998,0.19751203,0.0,-0.33107793
0.26999998,0.1918837,0.0,-0.33107793
0.26999998,0.18658645,0.0,-0.33107793
0.26999998,0.18095814,0.0,-0.33107793
0.26999998,0.1753298,0.0,-0.33107793
0.26999998,0.17003256,0.0,-0.33107793
0.26999998,0.16554844,0.0,-0.2527428
0.26999998,0.16125183,0.0,-0.2527428
0.26999998,0.15720794,0.0,-0.2527428
0.26999998,0.15291132,0.0,-0.2527428
0.26999998,0.14886743,0.0,-0.2527428
0.26999998,0.14431806,0.0,-0.2527428
0.26999998,0.14037253,0.0,-0.17671335
0.26999998,0.13754511,0.0,-0.17671335
0.26999998,0.1347177,0.0,-0.17671335
0.26999998,0.13153686,0.0,-0.17671335
0.26999998,0.12870945,0.0,-0.17671335
0.26999998,0.12570532,0.0,-0.17671335
0.26999998,0.12287791,0.0,-0.17671335
0.26999998,0.12047152,0.0,-0.14468907
0.26999998,0.11815649,0.0,-0.14468907
0.26999998,0.1154074,0.0,-0.14468907
0.26999998,0.11309238,0.0,-0.14468907
0.26999998,0.110632665,0.0,-0.14468907
0.26999998,0.10817295,0.0,-0.14468907
0.26999998,0.10571324,0.0,-0.14468907
0.26999998,0.103927664,0.0,-0.10852485
0.26999998,0.102082744,0.0,-0.10852485
0.26999998,0.100237824,0.0,-0.10852485
0.26999998,0.0983929,0.0,-0.10852485
0.26999998,0.0966565,0.0,-0.10852485
0.26999998,0.09481158,0.0,-0.10852485
0.26999998,0.09305878,0.0,-0.08871994
0.26999998,0.09163926,0.0,-0.08871994
0.26999998,0.09013102,0.0,-0.08871994
0.26999998,0.08862278,0.0,-0.08871994
0.26999998,0.087203264,0.0,-0.08871994
0.26999998,0.08569503,0.0,-0.08871994
0.26999998,0.084186785,0.0,-0.08871994
0.26999998,0.082824275,0.0,-0.0828199
0.26999998,0.0808366,0.0,-0.0828199
0.26999998,0.07975994,0.0,-0.0828199
0.26999998,0.07868329,0.0,-0.0828199
0.26999998,0.077358164,0.0,-0.0828199
0.26999998,0.07586741,0.0,-0.0828199
0.26999998,0.07445947,0.0,-0.0828199
0.26999998,0.073762,0.0,-0.04277515
0.26999998,0.07299205,0.0,-0.04277515
0.26999998,0.07235042,0.0,-0.04277515
0.26999998,0.07162324,0.0,-0.04277515
0.26999998,0.07093884,0.0,-0.04277515
0.26999998,0.07025444,0.0,-0.04277515
0.26999998,0.06970273,0.0,0.0038088397
0.26999998,0.06976367,0.0,0.0038088397
0.26999998,0.06982842,0.0,0.0038088397
0.26999998,0.069893174,0.0,0.0038088397
0.26999998,0.06995411,0.0,0.0038088397
0.26999998,0.07002267,0.0,0.0038088397
0.26999998,0.07008361,0.0,0.0038088397
0.26999998,0.07055725,0.0,0.042036735
0.26999998,0.07122984,0.0,0.042036735
0.26999998,0.071902424,0.0,0.042036735
0.26999998,0.072617054,0.0,0.042036735
0.26999998,0.07337371,0.0,0.042036735
0.26999998,0.0740463,0.0,0.042036735
0.26999998,0.07476093,0.0,0.042036735
0.26999998,0.07524212,0.0,0.029851722
0.26999998,0.0757496,0.0,0.029851722
0.26999998,0.07625708,0.0,0.029851722
0.26999998,0.07673471,0.0,0.029851722
0.26999998,0.07724218,0.0,0.029851722
0.26999998,0.07768996,0.0,0.029851722
0.26999998,0.07809837,0.0,0.0025294928
0.26999998,0.07814137,0.0,0.0025294928
0.26999998,0.07818437,0.0,0.0025294928
0.26999998,0.078224845,0.0,0.0025294928
0.26999998,0.07826785,0.0,0.0025294928
0.26999998,0.07831085,0.0,0.0025294928
0.26999998,0.07835132,0.0,0.0025294928
0.26999998,0.078079425,0.0,-0.026818424
0.26999998,0.07762352,0.0,-0.026818424
0.26999998,0.07719442,0.0,-0.026818424
0.26999998,0.07673851,0.0,-0.026818424
0.26999998,0.07630941,0.0,-0.026818424
0.26999998,0.07574622,0.0,-0.026818424
0.26999998,0.075220905,0.0,-0.061927363
0.26999998,0.07441585,0.0,-0.061927363
0.26999998,0.07305345,0.0,-0.061927363
0.26999998,0.07212453,0.0,-0.061927363
0.26999998,0.071133696,0.0,-0.061927363
0.26999998,0.070328645,0.0,-0.061927363
0.26999998,0.06921395,0.0,-0.061927363
0.26999998,0.06817031,0.0,-0.06034154
0.26999998,0.06702382,0.0,-0.06034154
0.26999998,0.06599801,0.0,-0.06034154
0.26999998,0.06503255,0.0,-0.06034154
0.26999998,0.0639464,0.0,-0.06034154
0.26999998,0.063041285,0.0,-0.06034154
0.26999998,0.06145043,0.0,-0.042191397
0.26999998,0.06145043,0.0,-0.042191397
0.26999998,0.06031126,0.0,-0.042191397
0.26999998,0.059467435,0.0,-0.042191397
0.26999998,0.058961138,0.0,-0.042191397
0.26999998,0.058243886,0.0,-0.042191397
0.26999998,0.057568822,0.0,-0.042191397
0.26999998,0.057094626,0.0,-0.0055003935
0.26999998,0.05700112,0.0,-0.0055003935
0.26999998,0.056913115,0.0,-0.0055003935
0.26999998,0.056819607,0.0,-0.0055003935
0.26999998,0.0567316,0.0,-0.0055003935
0.26999998,0.056638096,0.0,-0.0055003935
0.26999998,0.05655009,0.0,-0.0055003935
0.26999998,0.057732828,0.0,0.07184274
0.26999998,0.05866678,0.0,0.07184274
0.26999998,0.05988811,0.0,0.07184274
0.26999998,0.061109435,0.0,0.07184274
0.26999998,0.062258918,0.0,0.07184274
0.26999998,0.06348024,0.0,0.07184274
0.26999998,0.06471385,0.0,0.11866269
0.26999998,0.06673112,0.0,0.11866269
0.26999998,0.068748385,0.0,0.11866269
0.26999998,0.070765644,0.0,0.11866269
0.26999998,0.072664246,0.0,0.11866269
0.26999998,0.074562855,0.0,0.11866269
0.26999998,0.076580115,0.0,0.11866269
0.26999998,0.0785009,0.0,0.106305294
0.26999998,0.08030809,0.0,0.106305294
0.26999998,0.08200897,0.0,0.106305294
0.26999998,0.08370986,0.0,0.106305294
0.26999998,0.08562335,0.0,0.106305294
0.26999998,0.08732423,0.0,0.106305294
0.26999998,0.08902512,0.0,0.106305294
0.26999998,0.09019415,0.0,0.05243316
0.26999998,0.09108551,0.0,0.05243316
0.26999998,0.091924444,0.0,0.05243316
0.26999998,0.0928158,0.0,0.05243316
0.26999998,0.09370717,0.0,0.05243316
0.26999998,0.0945461,0.0,0.05243316
0.26999998,0.095357545,0.0,0.02419609
0.26999998,0.09574468,0.0,0.02419609
0.26999998,0.096156016,0.0,0.02419609
0.26999998,0.09656735,0.0,0.02419609
0.26999998,0.09697868,0.0,0.02419609
0.26999998,0.09736582,0.0,0.02419609
0.26999998,0.09777715,0.0,0.02419609
0.26999998,0.09791705,0.0,-0.0065034702
0.26999998,0.097812995,0.0,-0.0065034702
0.26999998,0.097702436,0.0,-0.0065034702
0.26999998,0.09759188,0.0,-0.0065034702
0.26999998,0.09748782,0.0,-0.0065034702
0.26999998,0.09737726,0.0,-0.0065034702
0.26999998,0.09727321,0.0,-0.0065034702
0.26999998,0.096885964,0.0,-0.024694258
0.26999998,0.09646616,0.0,-0.024694258
0.26999998,0.09609575,0.0,-0.024694258
0.26999998,0.095626555,0.0,-0.024694258
0.26999998,0.09528084,0.0,-0.024694258
0.26999998,0.09486104,0.0,-0.024694258
0.26999998,0.0944328,0.0,-0.027638542
0.26999998,0.09399059,0.0,-0.027638542
0.26999998,0.09352073,0.0,-0.027638542
0.26999998,0.09291268,0.0,-0.027638542
0.26999998,0.09252574,0.0,-0.027638542
0.26999998,0.09211116,0.0,-0.027638542
0.26999998,0.09166895,0.0,-0.027638542
0.26999998,0.090813406,0.0,-0.07109593
0.26999998,0.08960477,0.0,-0.07109593
0.26999998,0.08846724,0.0,-0.07109593
0.26999998,0.08725861,0.0,-0.07109593
0.26999998,0.08604998,0.0,-0.07109593
0.26999998,0.08491244,0.0,-0.07109593
0.26999998,0.083703816,0.0,-0.07109593
0.26999998,0.082442015,0.0,-0.074667536
0.26999998,0.08124734,0.0,-0.074667536
0.26999998,0.07997799,0.0,-0.074667536
0.26999998,0.0787833,0.0,-0.074667536
0.26999998,0.077513956,0.0,-0.074667536
0.26999998,0.07624461,0.0,-0.074667536
0.26999998,0.074945845,0.0,-0.04645678
0.26999998,0.07434191,0.0,-0.04645678
0.26999998,0.07355214,0.0,-0.04645678
0.26999998,0.07280883,0.0,-0.04645678
0.26999998,0.07201907,0.0,-0.04645678
0.26999998,0.0712293,0.0,-0.04645678
0.26999998,0.070485994,0.0,-0.04645678
0.26999998,0.070084855,0.0,-0.002833185
0.26999998,0.070036694,0.0,-0.002833185
0.26999998,0.06998853,0.0,-0.002833185
0.26999998,0.0699432,0.0,-0.002833185
0.26999998,0.06989504,0.0,-0.002833185
0.26999998,0.0698497,0.0,-0.002833185
0.26999998,0.06980154,0.0,-0.002833185
0.26999998,0.070890605,0.0,0.07338933
0.26999998,0.07206483,0.0,0.07338933
0.26999998,0.073312454,0.0,0.07338933
0.26999998,0.07456007,0.0,0.07338933
0.26999998,0.07580769,0.0,0.07338933
0.26999998,0.07698192,0.0,0.07338933
0.26999998,0.07848475,0.0,0.1383132
0.26999998,0.08083608,0.0,0.1383132
0.26999998,0.08304909,0.0,0.1383132
0.26999998,0.08540041,0.0,0.1383132
0.26999998,0.087613426,0.0,0.1383132
0.26999998,0.08996475,0.0,0.1383132
0.26999998,0.09231607,0.0,0.1383132
0.26999998,0.09455082,0.0,0.14074388
0.26999998,0.09694347,0.0,0.14074388
0.26999998,0.09947685,0.0,0.14074388
0.26999998,0.1018695,0.0,0.14074388
0.26999998,0.1041214,0.0,0.14074388
0.26999998,0.10834371,0.0,0.14074388
0.26999998,0.11069365,0.0,0.16254327
0.26999998,0.11296926,0.0,0.16254327
0.26999998,0.118495725,0.0,0.16254327
0.26999998,0.118495725,0.0,0.16254327
0.26999998,0.122071676,0.0,0.16254327
0.26999998,0.12483491,0.0,0.16254327
0.26999998,0.12760942,0.0,0.22117278
0.26999998,0.13136935,0.0,0.22117278
0.26999998,0.13512929,0.0,0.22117278
0.26999998,0.13888922,0.0,0.22117278
0.26999998,0.14375502,0.0,0.22117278
0.26999998,0.14685144,0.0,0.22117278
0.26999998,0.14972669,0.0,0.22117278
0.26999998,0.15365298,0.0,0.23970726
0.26999998,0.157728,0.0,0.23970726
0.26999998,0.16180304,0.0,0.23970726
0.26999998,0.16563834,0.0,0.23970726
0.26999998,0.16995308,0.0,0.23970726
0.26999998,0.1737884,0.0,0.23970726
0.26999998,0.1776237,0.0,0.23970726
0.26999998,0.18181422,0.0,0.24741343
0.26999998,0.18602026,0.0,0.24741343
0.26999998,0.19022627,0.0,0.24741343
0.26999998,0.19418488,0.0,0.24741343
0.26999998,0.19839092,0.0,0.24741343
0.26999998,0.20259693,0.0,0.24741343
0.26999998,0.20650582,0.0,0.23497386
0.26999998,0.2102654,0.0,0.23497386
0.26999998,0.21425995,0.0,0.23497386
0.26999998,0.2182545,0.0,0.23497386
0.26999998,0.22224906,0.0,0.23497386
0.26999998,0.22624362,0.0,0.23497386
0.26999998,0.2300032,0.0,0.23497386
0.26999998,0.23517813,0.0,0.23534037
0.26999998,0.23823754,0.0,0.23534037
0.26999998,0.24176764,0.0,0.23534037
0.26999998,0.24694514,0.0,0.23534037
0.26999998,0.25071058,0.0,0.23534037
0.26999998,0.25471136,0.0,0.23534037
0.26999998,0.25801343,0.0,0.2425013
0.26999998,0.26140845,0.0,0.2425013
0.26999998,0.26553097,0.0,0.2425013
0.26999998,0.2706235,0.0,0.2425013
0.26999998,0.27450353,0.0,0.2425013
0.26999998,0.27814102,0.0,0.2425013
0.26999998,0.28274855,0.0,0.2425013
0.26999998,0.28653112,0.0,0.20485958
0.26999998,0.29001373,0.0,0.20485958
0.26999998,0.2926769,0.0,0.20485958
0.26999998,0.29574978,0.0,0.20485958
0.26999998,0.2992324,0.0,0.204