0.5,0.4829937,0.0,-0.010943628
0.5,0.4829937,0.0,-0.011065224
0.5,0.48273918,0.0,-0.0111868195
0.5,0.482549,0.0,-0.011308416
0.5,0.48235676,0.0,-0.011430012
0.5,0.48216245,0.0,-0.011551608
0.5,0.48197764,0.0,-0.011673204
0.5,0.48179087,0.0,-0.011794801
0.5,0.48159036,0.0,-0.011916397
0.5,0.48137584,0.0,-0.0120379925
0.5,0.4811712,0.0,-0.012159589
0.5,0.48097664,0.0,-0.012281185
0.5,0.48078015,0.0,-0.012402781
0.5,0.4805693,0.0,-0.012524377
0.5,0.4803689,0.0,-0.012645973
0.5,0.48015395,0.0,-0.01276757
0.5,0.47994965,0.0,-0.012889165
0.5,0.47973055,0.0,-0.013010762
0.5,0.47952238,0.0,-0.013132357
0.5,0.479286,0.0,-0.013253954
0.5,0.4790739,0.0,-0.01337555
0.5,0.4788599,0.0,-0.013497146
0.5,0.47861695,0.0,-0.013618741
0.5,0.47838545,0.0,-0.013740338
0.5,0.4781656,0.0,-0.013861935
0.5,0.4779438,0.0,-0.01398353
0.5,0.47762218,0.0,-0.014105126
0.5,0.4774106,0.0,-0.0142267225
0.5,0.4772399,0.0,-0.014348319
0.5,0.47699597,0.0,-0.014469914
0.5,0.47675,0.0,-0.01459151
0.5,0.47651652,0.0,-0.014713108
0.5,0.4762517,0.0,-0.014834703
0.5,0.47601435,0.0,-0.014956299
0.5,0.47577503,0.0,-0.014956299
0.5,0.47550362,0.0,-0.015199492
0.5,0.47526044,0.0,-0.015321087
0.5,0.47489274,0.0,-0.015442683
0.5,0.47472286,0.0,-0.015564281
0.5,0.4744894,0.0,-0.015685875
0.5,0.47411913,0.0,-0.017883789
0.5,0.47376144,0.0,-0.018021356
0.5,0.4736353,0.0,-0.018158926
0.5,0.47330844,0.0,-0.018296493
0.5,0.4730157,0.0,-0.018434059
0.5,0.47270232,0.0,-0.018571628
0.5,0.47240517,0.0,-0.018709196
0.5,0.47208712,0.0,-0.018846763
0.5,0.4717667,0.0,-0.01898433
0.5,0.47144398,0.0,-0.0191219
0.5,0.47113803,0.0,-0.019259466
0.5,0.47082987,0.0,-0.019397035
0.5,0.47048074,0.0,-0.019534603
0.5,0.47016817,0.0,-0.019534603
0.5,0.46983376,0.0,-0.019809738
0.5,0.4695168,0.0,-0.019947307
0.49,0.4691777,0.0,-0.020084875
0.49,0.46885633,0.0,-0.020222442
0.49,0.46851256,0.0,-0.02036001
0.49,0.46816644,0.0,-0.020497575
0.49,0.467818,0.0,-0.020635145
0.49,0.4674878,0.0,-0.020772712
0.49,0.46713468,0.0,-0.020772712
0.49,0.4667792,0.0,-0.021047847
0.49,0.4664214,0.0,-0.021185417
0.49,0.46608242,0.0,-0.021322984
0.49,0.46574125,0.0,-0.021460552
0.49,0.46537644,0.0,-0.02159812
0.49,0.46490127,0.0,-0.021735689
0.49,0.46451002,0.0,-0.021873256
0.48,0.46418193,0.0,-0.022010824
0.48,0.46385178,0.0,-0.022148391
0.48,0.46343094,0.0,-0.022285957
0.48,0.4630744,0.0,-0.022423526
0.48,0.46269318,0.0,-0.022561094
0.48,0.4623322,0.0,-0.022561094
0.48,0.4619463,0.0,-0.022836229
0.48,0.4615581,0.0,-0.022973798
0.48,0.46130538,0.0,-0.023111366
0.48,0.4609125,0.0,-0.023248933
0.48,0.46053693,0.0,-0.01597218
0.48,0.46016958,0.0,-0.016066134
0.47,0.45992857,0.0,-0.016160088
0.47,0.45967,0.0,-0.016160088
0.47,0.45937744,0.0,-0.016347997
0.47,0.45911586,0.0,-0.016347997
0.47,0.45891857,0.0,-0.016535904
0.47,0.45863748,0.0,-0.016629858
0.47,0.45835474,0.0,-0.016723813
0.47,0.45808718,0.0,-0.016817767
0.47,0.45780128,0.0,-0.01691172
0.47,0.45753068,0.0,-0.017005675
0.47,0.4572416,0.0,-0.017005675
0.47,0.4569509,0.0,-0.017193582
0.47,0.4566586,0.0,-0.017287536
0.47,0.45636472,0.0,-0.017381491
0.47,0.45610398,0.0,-0.017475445
0.47,0.45578945,0.0,-0.017475445
0.47,0.45549077,0.0,-0.017663352
0.47,0.45510218,0.0,-0.017757308
0.47,0.45487133,0.0,-0.017851261
0.47,0.4546214,0.0,-0.017945215
0.46,0.45431632,0.0,-0.018039169
0.46,0.4540277,0.0,-0.018133124
0.46,0.45371944,0.0,-0.018227078
0.46,0.45340958,0.0,-0.018321032
0.46,0.45311645,0.0,-0.018414985
0.46,0.4528034,0.0,-0.018508941
0.46,0.45248875,0.0,-0.018508941
0.46,0.4521725,0.0,-0.018696848
0.46,0.45185465,0.0,-0.018790802
0.46,0.4515352,0.0,-0.018884758
0.46,0.45123303,0.0,-0.018978711
0.46,0.45107973,0.0,-0.0072303517
0.46,0.4509562,0.0,-0.0073019397
0.46,0.45084667,0.0,-0.007337733
0.46,0.45072192,0.0,-0.0073735276
0.46,0.45059657,0.0,-0.007409321
0.46,0.45047063,0.0,-0.0074451156
0.46,0.45035148,0.0,-0.007480909
0.46,0.4502243,0.0,-0.0075167026
0.45,0.45009652,0.0,-0.007552497
0.45,0.44996813,0.0,-0.0075882906
0.45,0.4498467,0.0,-0.007624084
0.45,0.44972473,0.0,-0.0076598786
0.45,0.44959453,0.0,-0.007695672
0.45,0.4494637,0.0,-0.0077314656
0.45,0.44932452,0.0,-0.00776726
0.45,0.44920024,0.0,-0.0078030536
0.45,0.4490676,0.0,-0.007838848
0.45,0.44893435,0.0,-0.007874642
0.45,0.44880834,0.0,-0.007910435
0.45,0.4486897,0.0,-0.00794623
0.45,0.4485546,0.0,-0.007982023
0.45,0.44841892,0.0,-0.007982023
0.45,0.4482826,0.0,-0.008017817
0.45,0.44815376,0.0,-0.008089405
0.45,0.44801623,0.0,-0.008125198
0.45,0.44788623,0.0,-0.0081609925
0.45,0.4477475,0.0,-0.008196786
0.45,0.44761673,0.0,0.007849754
0.45,0.44773448,0.0,0.007883883
0.45,0.44786063,0.0,0.007918012
0.45,0.44799522,0.0,0.007952142
0.45,0.44812244,0.0,0.007986272
0.45,0.44825822,0.0,0.008020401
0.45,0.44839457,0.0,0.008054529
0.45,0.4485315,0.0,0.0080886595
0.45,0.4486609,0.0,0.008122789
0.45,0.44880712,0.0,0.008156918
0.45,0.44893762,0.0,0.008156918
0.45,0.4490769,0.0,0.008191047
0.45,0.44921672,0.0,0.008259306
0.45,0.4493406,0.0,0.008293436
0.45,0.4494899,0.0,0.008327565
0.45,0.44962314,0.0,0.008361694
0.45,0.44976526,0.0,0.008395824
0.45,0.449908,0.0,0.008429954
0.45,0.4500176,0.0,0.008429954
0.45,0.45022073,0.0,0.008498211
0.45,0.45032272,0.0,0.008532342
0.45,0.45046777,0.0,0.00856647
0.45,0.45060483,0.0,0.008600599
0.45,0.45075104,0.0,0.008634728
0.45,0.4508978,0.0,0.008668857
0.45,0.45110282,0.0,0.026795657
0.45,0.45155835,0.0,0.026900738
0.45,0.45198876,0.0,0.027005816
0.45,0.45247486,0.0,0.027110895
0.46,0.45290864,0.0,0.027215976
0.46,0.4533441,0.0,0.027321056
0.46,0.45380855,0.0,0.027426135
0.46,0.4542748,0.0,0.027531216
0.46,0.45474282,0.0,0.027636293
0.46,0.45518503,0.0,0.027741373
0.46,0.45565662,0.0,0.027846454
0.46,0.45613,0.0,0.027951533
0.46,0.45657724,0.0,0.028056612
0.46,0.45702612,0.0,0.028161693
0.46,0.45753306,0.0,0.02826677
0.46,0.4579853,0.0,0.02837185
0.46,0.45846763,0.0,0.028476931
0.46,0.45892328,0.0,0.02858201
0.46,0.45943776,0.0,0.02868709
0.46,0.4599254,0.0,0.02879217
0.46,0.4603861,0.0,0.028897248
0.46,0.46081957,0.0,0.029002327
0.46,0.4613706,0.0,0.029107409
0.46,0.46204802,0.0,0.049113497
0.46,0.46288297,0.0,0.04929016
0.46,0.4636716,0.0,0.049466826
0.46,0.46451253,0.0,0.049643494
0.46,0.46535647,0.0,0.049820155
0.46,0.4661536,0.0,0.049996823
0.46,0.46690354,0.0,0.049996823
0.46,0.46805754,0.0,0.050350152
0.47,0.4688128,0.0,0.050526816
0.48,0.46967176,0.0,0.05070348
0.48,0.47058442,0.0,0.050880145
0.48,0.47119498,0.0,0.051056813
0.48,0.4720119,0.0,0.051233474
0.48,0.4729341,0.0,0.051410142
0.48,0.47370523,0.0,0.051586803
0.48,0.47458223,0.0,0.05176347
0.48,0.4754622,0.0,0.05176347
0.48,0.47629324,0.0,0.0521168
0.49,0.47717923,0.0,0.052293465
0.49,0.4781205,0.0,0.052470133
0.49,0.47890756,0.0,0.052646793
0.49,0.47998676,0.0,0.063307114
0.49,0.48093638,0.0,0.063307114
0.49,0.4820162,0.0,0.06373057
0.49,0.48316336,0.0,0.0639423
0.49,0.4841864,0.0,0.06415402
0.49,0.48527703,0.0,0.06436575
0.49,0.48637125,0.0,0.064577475
0.49,0.4874045,0.0,0.064789206
0.49,0.4885707,0.0,0.06500093
0.49,0.4895457,0.0,0.06500093
0.49,0.49065432,0.0,0.06542438
0.49,0.49209368,0.0,0.06563611
0.49,0.4928813,0.0,0.06584784
0.49,0.49393487,0.0,0.06605957
0.49,0.49505788,0.0,0.06627129
0.49,0.49611822,0.0,0.06648302
0.49,0.4977138,0.0,0.066694744
0.49,0.49871424,0.0,0.066906475
0.5,0.49965093,0.0,0.0671182
0.5,0.5008887,0.0,0.07137012
0.5,0.5017451,0.0,0.07159455
0.5,0.5030338,0.0,0.071818985
0.5,0.50418293,0.0,0.07204342
0.5,0.5054077,0.0,0.07226785
0.5,0.50656396,0.0,0.07226785
0.5,0.5081588,0.0,0.07271671
0.5,0.50939494,0.0,0.07294115
0.5,0.5104891,0.0,0.07316557
0.5,0.5117329,0.0,0.07339001
0.5,0.5130539,0.0,0.07361444
0.5,0.5141581,0.0,0.07383887
0.5,0.51511806,0.0,0.07406331
0.5,0.51630306,0.0,0.074287735
0.5,0.51756597,0.0,0.07451217
0.5,0.5192052,0.0,0.0747366
0.5,0.520401,0.0,0.07496103
0.5,0.52160037,0.0,0.07518546
0.5,0.5228766,0.0,0.07330665
0.5,0.52412283,0.0,0.07352482
0.5,0.52537274,0.0,0.07374299
0.5,0.52625763,0.0,0.07396116
0.5,0.527441,0.0,0.07417934
0.5,0.5287021,0.0,0.074397504
0.5,0.5300412,0.0,0.07461568
0.51,0.5312351,0.0,0.074833855
0.51,0.53243244,0.0,0.07505202
0.52,0.53370833,0.0,0.07505202
0.53,0.53491265,0.0,0.075488366
0.53,0.53619593,0.0,0.075488366
0.54,0.5374829,0.0,0.07592471
0.55,0.5386977,0.0,0.076142885
0.55,0.53999215,0.0,0.07636106
0.56,0.5412903,0.0,0.07636106
0.57,0.54259217,0.0,0.0767974
0.58,0.5438209,0.0,0.07701557
0.58,0.5450228,0.0,0.07173403
0.59,0.54624224,0.0,0.071936674
0.59999996,0.54746515,0.0,0.07213931
0.59999996,0.5486915,0.0,0.07234195
0.61,0.54992133,0.0,0.07254458
0.62,0.5510821,0.0,0.07274722
0.62,0.55224603,0.0,0.07294986
0.63,0.55348617,0.0,0.07315249
0.64,0.55472976,0.0,0.07335513
0.64,0.5560501,0.0,0.073557764
0.65,0.5572271,0.0,0.073760405
0.65999997,0.55840725,0.0,0.07396304
0.65999997,0.5596646,0.0,0.07396304
0.65999997,0.5609254,0.0,0.074368306
0.65999997,0.5621153,0.0,0.07457095
0.65999997,0.5633085,0.0,0.07477358
0.65999997,0.5649613,0.0,0.08425595
0.65999997,0.5658881,0.0,0.08448367
0.65999997,0.5674088,0.0,0.08448367
0.65999997,0.5687642,0.0,0.08493911
0.65999997,0.5702082,0.0,0.08516682
0.65999997,0.571656,0.0,0.08539454
0.65999997,0.5730223,0.0,0.08539454
0.65999997,0.5744779,0.0,0.08584996
0.65999997,0.57593733,0.0,0.08607768
0.65999997,0.5774007,0.0,0.0863054
0.65999997,0.57878155,0.0,0.08653312
0.65999997,0.58025265,0.0,0.086760834
0.65999997,0.5816408,0.0,0.086760834
0.65999997,0.5832066,0.0,0.08721627
0.65999997,0.58460206,0.0,0.08744399
0.65999997,0.5860886,0.0,0.087671705
0.65999997,0.58749133,0.0,0.08789942
0.65999997,0.58932036,0.0,0.11041669
0.65999997,0.5911975,0.0,0.110702
0.65999997,0.5930794,0.0,0.11098731
0.65999997,0.5947442,0.0,0.11127263
0.65999997,0.5966358,0.0,0.111557946
0.65999997,0.5986439,0.0,0.11184325
0.65999997,0.6004334,0.0,0.11212856
0.65999997,0.60222745,0.0,0.112413876
0.65999997,0.6041385,0.0,0.11269919
0.65999997,0.60605437,0.0,0.11298449
0.65999997,0.6078621,0.0,0.11326981
0.65999997,0.6097877,0.0,0.113555126
0.65999997,0.6117181,0.0,0.11384044
0.67,0.6135396,0.0,0.11384044
0.67,0.61559385,0.0,0.11412575
0.67,0.61771643,0.0,0.14155535
0.67,0.62012887,0.0,0.14226137
0.67,0.62240505,0.0,0.14261438
0.67,0.6246869,0.0,0.14296737
0.67,0.62711734,0.0,0.14332037
0.67,0.6295538,0.0,0.14367338
0.67,0.6319962,0.0,0.14402638
0.67,0.63430065,0.0,0.14437938
0.67,0.6367551,0.0,0.14473239
0.67,0.6392155,0.0,0.14508538
0.67,0.6415369,0.0,0.14543839
0.67,0.64400935,0.0,0.1457914
0.67,0.64648783,0.0,0.14614439
0.67,0.6488261,0.0,0.1464974
0.67,0.6513166,0.0,0.1468504
0.67,0.6541263,0.0,0.16708942
0.68,0.6569668,0.0,0.16749011
0.68,0.65964663,0.0,0.1678908
0.68,0.66250074,0.0,0.1682915
0.68,0.66519344,0.0,0.16869219
0.68,0.6682299,0.0,0.16909286
0.68,0.6709354,0.0,0.16949356
0.68,0.67381674,0.0,0.16989425
0.68,0.67670494,0.0,0.17029494
0.68,0.67942965,0.0,0.17069563
0.68,0.6821608,0.0,0.17109632
0.68,0.68506944,0.0,0.17149702
0.68,0.6879849,0.0,0.17189771
0.68,0.6909071,0.0,0.1722984
0.68,0.69452757,0.0,0.17282574
0.68,0.6966015,0.0,0.17322673
0.68,0.69954634,0.0,0.17362769
0.68,0.7023244,0.0,0.17402868
0.68,0.70528287,0.0,0.17442967
0.68,0.70807374,0.0,0.17483066
0.68,0.71104586,0.0,0.17523164
0.68,0.71402484,0.0,0.17563263
0.68,0.71701056,0.0,0.17603362
0.68,0.7198271,0.0,0.17643459
0.68,0.7228265,0.0,0.17683558
0.68,0.72565585,0.0,0.17723657
0.68,0.72866887,0.0,0.17723657
0.68,0.731856,0.0,0.16897555
0.69,0.7345596,0.0,0.16935612
0.70000005,0.73726934,0.0,0.1697367
0.71000004,0.74015486,0.0,0.17011727
0.71000004,0.7428767,0.0,0.17049785
0.72,0.74577516,0.0,0.17087841
0.73,0.7486801,0.0,0.17125899
0.73,0.75142026,0.0,0.17163956
0.74,0.75433815,0.0,0.17202014
0.75,0.75726247,0.0,0.17240071
0.75,0.76002085,0.0,0.17278129
0.76,0.76295817,0.0,0.17316185
0.77,0.7659019,0.0,0.17354243
0.77,0.7686786,0.0,0.173923
0.78,0.7715384,0.0,0.16547978
0.78999996,0.77435154,0.0,0.16584109
0.79999995,0.77717084,0.0,0.16620241
0.79999995,0.7799963,0.0,0.1665637
0.79999995,0.78282785,0.0,0.16692503
0.79999995,0.7854986,0.0,0.16728632
0.79999995,0.7881752,0.0,0.16764763
0.79999995,0.7911929,0.0,0.16800894
0.79999995,0.79371303,0.0,0.16837025
0.79999995,0.7967437,0.0,0.16873154
0.79999995,0.79944336,0.0,0.16909286
0.79999995,0.8021489,0.0,0.16945416
0.79999995,0.8050296,0.0,0.16945416
0.79999995,0.8075647,0.0,0.1538337
0.79999995,0.8101798,0.0,0.15416032
0.80999994,0.8128006,0.0,0.15448692
0.80999994,0.8154268,0.0,0.15481353
0.80999994,0.81805867,0.0,0.15514015
0.80999994,0.82069606,0.0,0.15546675
0.80999994,0.823339,0.0,0.15579335
0.80999994,0.8258317,0.0,0.15611997
0.80999994,0.8284857,0.0,0.15644658
0.80999994,0.8309889,0.0,0.15677318
0.80999994,0.83365405,0.0,0.1570998
0.80999994,0.83616763,0.0,0.1574264
0.80999994,0.8398908,0.0,0.13638909
0.80999994,0.8398908,0.0,0.13638909
0.80999994,0.8450951,0.0,0.13723798
0.80999994,0.8470164,0.0,0.13752094
0.80999994,0.8488042,0.0,0.13780391
0.80999994,0.85156024,0.0,0.13808687
0.80999994,0.8539077,0.0,0.13836983
0.80999994,0.8563984,0.0,0.1386528
0.80999994,0.8586168,0.0,0.1386528
0.80999994,0.860423,0.0,0.13893576
0.80999994,0.8626505,0.0,0.13950169
0.80999994,0.86544055,0.0,0.13978465
0.80999994,0.8674773,0.0,0.107803956
0.80999994,0.8694178,0.0,0.10802175
0.80999994,0.8710381,0.0,0.10823953
0.80999994,0.87298644,0.0,0.10845732
0.81999993,0.8748302,0.0,0.1086751
0.81999993,0.87624294,0.0,0.10889288
0.8299999,0.87798524,0.0,0.10911067
0.8399999,0.8799492,0.0,0.109328456
0.8399999,0.8816985,0.0,0.10954624
0.8499999,0.8835608,0.0,0.10976403
0.8599999,0.88542676,0.0,0.10998181
0.8599999,0.88718647,0.0,0.1101996
0.8699999,0.88894916,0.0,0.08448039
0.8799999,0.89038527,0.0,0.084647015
0.8799999,0.89173967,0.0,0.08481365
0.88999987,0.8931815,0.0,0.08498027
0.88999987,0.89454114,0.0,0.08514689
0.88999987,0.89598864,0.0,0.08531352
0.88999987,0.897439,0.0,0.085480146
0.88999987,0.8988067,0.0,0.085480146
0.88999987,0.90026265,0.0,0.0858134
0.88999987,0.9017215,0.0,0.08598003
0.88999987,0.9030972,0.0,0.08614666
0.88999987,0.9044755,0.0,0.08631328
0.88999987,0.9059381,0.0,0.076353155
0.88999987,0.90715975,0.0,0.07650027
0.88999987,0.90846026,0.0,0.07664738
0.88999987,0.9097633,0.0,0.0767945
0.88999987,0.91091514,0.0,0.07694161
0.88999987,0.91237706,0.0,0.07708873
0.88999987,0.91361046,0.0,0.07723584
0.89999986,0.91484624,0.0,0.07738295
0.89999986,0.91608435,0.0,0.07753007
0.89999986,0.91747993,0.0,0.07767718
0.89999986,0.91872275,0.0,0.077824295
0.89999986,0.9200185,0.0,0.052305587
0.89999986,0.9208554,0.0,0.052404277
0.89999986,0.92169386,0.0,0.052502964
0.89999986,0.92263895,0.0,0.052601654
0.89999986,0.9234806,0.0,0.05270034
0.89999986,0.9243765,0.0,0.05279903
0.89999986,0.9253268,0.0,0.05289772
0.89999986,0.9261732,0.0,0.05299641
0.89999986,0.9271271,0.0,0.0530951
0.90999985,0.92797667,0.0,0.05319379
0.90999985,0.92882776,0.0,0.05319379
0.90999985,0.9296272,0.0,0.053391166
0.90999985,0.9300511,0.0,0.014474486
0.90999985,0.9302827,0.0,0.014501192
0.90999985,0.9305437,0.0,0.014527896
0.90999985,0.93076164,0.0,0.014554602
0.90999985,0.9309945,0.0,0.014581308
0.90999985,0.9312278,0.0,0.014608013
0.90999985,0.9314908,0.0,0.014608013
0.90999985,0.9317103,0.0,0.014661425
0.90999985,0.93198884,0.0,0.0146881305
0.91999984,0.9322973,0.0,0.014714835
0.91999984,0.93251264,0.0,0.009570074
0.91999984,0.9326466,0.0,0.009587412
0.91999984,0.9328,0.0,0.009604748
0.91999984,0.93295366,0.0,0.009622086
0.91999984,0.9331173,0.0,0.009639422
0.91999984,0.9332811,0.0,0.00965676
0.91999984,0.9334453,0.0,0.0096740965
0.91999984,0.93360007,0.0,0.009691433
0.91999984,0.9337648,0.0,0.009708771
0.91999984,0.93392015,0.0,0.009726108
0.91999984,0.93409526,0.0,0.009743445
0.91999984,0.93426204,0.0,0.016966183
0.91999984,0.93455046,0.0,0.016996318
0.91999984,0.9348564,0.0,0.017026452
0.91999984,0.9351118,0.0,0.017056588
0.91999984,0.93536764,0.0,0.017086724
0.91999984,0.9356923,0.0,0.017116858
0.91999984,0.9359833,0.0,0.017146993
0.91999984,0.9362576,0.0,0.017146993
0.91999984,0.93654966,0.0,0.017177127
0.91999984,0.936825,0.0,0.017237399
0.91999984,0.937118,0.0,0.017267535
0.91999984,0.9372424,0.0,-9.0082403E-4
0.9299998,0.9372262,0.0,-9.023934E-4
0.9299998,0.93721175,0.0,-9.0396276E-4
0.9299998,0.9371964,0.0,-9.0553216E-4
0.9299998,0.9371819,0.0,-9.0553216E-4
0.9299998,0.93716824,0.0,-9.086709E-4
0.9299998,0.937151,0.0,-9.102403E-4
0.9299998,0.9371364,0.0,-9.118096E-4
0.9299998,0.9371209,0.0,-9.1337896E-4
0.9299998,0.9371063,0.0,-9.149484E-4
0.9299998,0.9370064,0.0,-0.03617756
0.9299998,0.9363914,0.0,-0.03623951
0.9299998,0.9358116,0.0,-0.036301456
0.9299998,0.93519443,0.0,-0.036363404
0.9299998,0.9345763,0.0,-0.036425352
0.9299998,0.93399346,0.0,-0.0364873
0.9299998,0.93337315,0.0,-0.036549248
0.9299998,0.9327884,0.0,-0.036611196
0.9299998,0.9321294,0.0,-0.036673144
0.9299998,0.9315426,0.0,-0.036735088
0.9299998,0.9309548,0.0,-0.036797035
0.9299998,0.9301874,0.0,-0.04325572
0.9299998,0.9294953,0.0,-0.04325572
0.9299998,0.928802,0.0,-0.04340112
0.9299998,0.9280642,0.0,-0.043473817
0.9299998,0.9273252,0.0,-0.043546516
0.9299998,0.9265849,0.0,-0.043619208
0.9299998,0.92584336,0.0,-0.043691907
0.9299998,0.92514426,0.0,-0.043691907
0.9299998,0.924444,0.0,-0.043837305
0.9299998,0.923655,0.0,-0.043837305
0.9299998,0.92345035,0.0,-0.012379951
0.9299998,0.9232275,0.0,-0.012400413
0.9299998,0.9230291,0.0,-0.012420876
0.9299998,0.92281795,0.0,-0.012441338
0.9299998,0.92260647,0.0,-0.0124618
0.9299998,0.9223946,0.0,-0.012482264
0.9299998,0.9221949,0.0,-0.012502726
0.9299998,0.92193234,0.0,-0.012523188
0.9299998,0.92173195,0.0,-0.01254365
0.9299998,0.92159194,0.0,0.009634891
0.9299998,0.9217461,0.0,0.009650582
0.9299998,0.92191976,0.0,0.009666274
0.9299998,0.9220841,0.0,0.009681966
0.9299998,0.922239,0.0,0.009697658
0.9299998,0.9224039,0.0,0.00971335
0.9299998,0.9225593,0.0,0.00971335
0.9299998,0.9227247,0.0,0.009744734
0.9299998,0.92289037,0.0,0.009760425
0.9299998,0.9230465,0.0,0.009776117
0.9299998,0.9231586,0.0,0.0014032931
0.9299998,0.923181,0.0,0.001405542
0.9299998,0.9232077,0.0,0.0014077908
0.9299998,0.92323023,0.0,0.0014100397
0.9299998,0.9232542,0.0,0.0014122885
0.9299998,0.9232768,0.0,0.0014145374
0.9299998,0.92330086,0.0,0.0014167862
0.9299998,0.92332494,0.0,0.0014190351
0.9299998,0.92334765,0.0,0.0014212839
0.9299998,0.9233718,0.0,0.0014235328
0.9299998,0.92343724,0.0,0.004366149
0.9299998,0.9235071,0.0,0.004373036
0.9299998,0.9235814,0.0,0.0043799225
0.9299998,0.9236515,0.0,0.004386809
0.9299998,0.9237261,0.0,0.004393696
0.9299998,0.92380077,0.0,0.0044005825
0.9299998,0.92387116,0.0,0.004407469
0.9299998,0.9239505,0.0,0.004414356
0.9299998,0.9240211,0.0,0.004421242
0.9299998,0.9241846,0.0,0.019535659
0.9299998,0.92451674,0.0,0.019566042
0.9299998,0.9248494,0.0,0.019596424
0.9299998,0.9251825,0.0,0.019626806
0.9299998,0.9255751,0.0,0.019657187
0.9299998,0.92588955,0.0,0.01968757
0.9299998,0.9261455,0.0,0.019717952
0.9299998,0.92655957,0.0,0.019748334
0.9299998,0.9268558,0.0,0.019778715
0.9299998,0.92730105,0.0,0.030501181
0.9299998,0.9276671,0.0,0.030547965
0.9299998,0.92818636,0.0,0.030594746
0.9299998,0.92870647,0.0,0.030641526
0.9299998,0.92934996,0.0,0.030688306
0.9299998,0.9298103,0.0,0.030735087
0.9299998,0.9303328,0.0,0.030781867
0.9299998,0.9308561,0.0,0.03082865
0.9299998,0.93134934,0.0,0.03087543
0.9299998,0.9318786,0.0,0.032385465
0.9299998,0.9322996,0.0,0.03243446
0.9299998,0.932851,0.0,0.03243446
0.9299998,0.9335332,0.0,0.032532446
0.9299998,0.9340212,0.0,0.03258144
0.9299998,0.9344773,0.0,0.032630436
0.9299998,0.9349994,0.0,0.03267943
0.9299998,0.9355549,0.0,0.03267943
0.9299998,0.93611133,0.0,0.03277742
0.9299998,0.9366686,0.0,0.032826416
0.9299998,0.93661696,0.0,-0.0040734312
0.9299998,0.9365477,0.0,-0.0040795016
0.9399998,0.93646204,0.0,-0.0040855724
0.9399998,0.9364171,0.0,-0.0040916433
0.9399998,0.93634343,0.0,-0.0040977136
0.9399998,0.9362738,0.0,-0.0041037844
0.9399998,0.9362081,0.0,-0.0041098553
0.9399998,0.9361383,0.0,-0.0041098553
0.9399998,0.9360214,0.0,-0.041347574
0.9399998,0.93531746,0.0,-0.04140856
0.9399998,0.93465394,0.0,-0.041530527
0.9399998,0.9339479,0.0,-0.04159151
0.9399998,0.93328243,0.0,-0.041652497
0.9399998,0.93257433,0.0,-0.04171348
0.9399998,0.9318652,0.0,-0.041774463
0.9399998,0.93119687,0.0,-0.041835446
0.9399998,0.93048567,0.0,-0.041835446
0.9399998,0.9298172,0.0,-0.032844283
0.9399998,0.92929167,0.0,-0.03289202
0.9399998,0.9287325,0.0,-0.03293976
0.9399998,0.9281725,0.0,-0.032987498
0.9399998,0.9276447,0.0,-0.033035237
0.9399998,0.92708313,0.0,-0.033082973
0.9399998,0.9265207,0.0,-0.033130713
0.9399998,0.9259575,0.0,-0.03317845
0.9399998,0.92542666,0.0,-0.03322619
0.9399998,0.92539984,0.0,0.019494992
0.9399998,0.92573124,0.0,0.019522961
0.9399998,0.9260436,0.0,0.01955093
0.9399998,0.92635643,0.0,0.0195789
0.9399998,0.92666966,0.0,0.019606872
0.9399998,0.92702264,0.0,0.019634841
0.9399998,0.9273564,0.0,0.01966281
0.9399998,0.927671,0.0,0.01969078
0.9399998,0.92802113,0.0,0.059153307
0.9399998,0.9290267,0.0,0.05923721
0.9399998,0.9299745,0.0,0.059321117
0.9399998,0.930983,0.0,0.05940502
0.9399998,0.93193346,0.0,0.059488926
0.9399998,0.93300426,0.0,0.05957283
0.9399998,0.93395746,0.0,0.05965674
0.9399998,0.9349716,0.0,0.05974064
0.9399998,0.9359872,0.0,0.05982455
0.9399998,0.93677545,0.0,0.041699
0.9399998,0.9374843,0.0,0.0417574
0.9399998,0.9381525,0.0,0.0417574
0.9399998,0.9388215,0.0,0.041874204
0.9299998,0.93957525,0.0,0.04193261
0.9299998,0.9402881,0.0,0.041991007
0.9299998,0.94096,0.0,0.042049408
0.9299998,0.9416748,0.0,0.042107813
0.9299998,0.94231665,0.0,0.030918362
0.9299998,0.94284225,0.0,0.030961184
0.9299998,0.9433376,0.0,0.031004006
0.9299998,0.9438957,0.0,0.03104683
0.9299998,0.94439244,0.0,0.031089652
0.9299998,0.94488984,0.0,0.031132475
0.9299998,0.94541913,0.0,0.031175299
0.9299998,0.9459179,0.0,0.03121812
0.9299998,0.94647986,0.0,0.03126094
0.9299998,0.9467485,0.0,0.01584011
0.9299998,0.9470177,0.0,0.015861778
0.9299998,0.947335,0.0,0.015883446
0.9299998,0.94757324,0.0,0.015905116
0.9299998,0.94781184,0.0,0.015926784
0.9299998,0.94808257,0.0,0.015948454
0.9299998,0.9483537,0.0,0.015970122
0.9299998,0.94860923,0.0,0.015991792
0.9299998,0.9484734,0.0,-0.017550718
0.9299998,0.948175,0.0,-0.017574467
0.9299998,0.9478938,0.0,-0.017598215
0.9299998,0.94759464,0.0,-0.017621964
0.9299998,0.94729507,0.0,-0.017645713
0.9299998,0.9469951,0.0,-0.017669464
0.9299998,0.9467124,0.0,-0.017693212
0.9299998,0.9463939,0.0,-0.017716961
0.9299998,0.94607234,0.0,-0.019455342
0.9299998,0.9457805,0.0,-0.019481387
0.9299998,0.94544935,0.0,-0.01950743
0.9299998,0.9451177,0.0,-0.019533476
0.9299998,0.9448052,0.0,-0.01955952
0.9299998,0.9444531,0.0,-0.019585565
0.9299998,0.9441398,0.0,-0.019611608
0.9299998,0.94380635,0.0,-0.019637654
0.9299998,0.9434843,0.0,-0.020412067
0.9299998,0.9431373,0.0,-0.020439103
0.9299998,0.9427898,0.0,-0.02046614
0.9299998,0.9424419,0.0,-0.020493174
0.9299998,0.9420935,0.0,-0.02052021
0.9299998,0.9417652,0.0,-0.020547247
0.9299998,0.94139534,0.0,-0.020574283
0.9299998,0.9410867,0.0,-0.020601315
0.9299998,0.94037354,0.0,-0.049575992
0.9299998,0.9395803,0.0,-0.049640965
0.9299998,0.93873644,0.0,-0.04970594
0.9299998,0.9378914,0.0,-0.049770918
0.9299998,0.93704534,0.0,-0.04983589
0.9299998,0.93624794,0.0,-0.049900863
0.9299998,0.93544954,0.0,-0.049965844
0.9299998,0.9345501,0.0,-0.050030816
0.9299998,0.93353987,0.0,-0.064146474
0.9299998,0.93244934,0.0,-0.06422967
0.9299998,0.93135744,0.0,-0.06431287
0.9299998,0.9303285,0.0,-0.06439607
0.9299998,0.92923373,0.0,-0.06447926
0.9299998,0.92820203,0.0,-0.06456246
0.9299998,0.9271045,0.0,-0.06464566
0.9299998,0.9260708,0.0,-0.06434908
0.9299998,0.9249769,0.0,-0.06443178
0.9299998,0.92388153,0.0,-0.064514495
0.9299998,0.9227848,0.0,-0.064597204
0.9299998,0.9217512,0.0,-0.06467991
0.9299998,0.9206517,0.0,-0.06476262
0.9299998,0.91961545,0.0,-0.06484534
0.9299998,0.91851306,0.0,-0.06492805
0.9299998,0.9174348,0.0,-0.06167746
0.9299998,0.9163863,0.0,-0.06175593
0.9299998,0.9153982,0.0,-0.061834402
0.9299998,0.914347,0.0,-0.061912872
0.9299998,0.9133564,0.0,-0.06199134
0.9299998,0.91230255,0.0,-0.062069807
0.9299998,0.9112474,0.0,-0.06214828
0.9299998,0.910253,0.0,-0.06222675
0.9299998,0.90988994,0.0,-0.008981943
0.9299998,0.9097822,0.0,-0.008993255
0.9299998,0.9096293,0.0,-0.009004567
0.9299998,0.9094852,0.0,-0.00901588
0.9299998,0.9093319,0.0,-0.009027192
0.9299998,0.9091785,0.0,-0.009038504
0.9299998,0.90903383,0.0,-0.009049816
0.9299998,0.9088768,0.0,-0.009671283
0.9299998,0.90872204,0.0,-0.009683357
0.9299998,0.9085574,0.0,-0.009695431
0.9299998,0.9083829,0.0,-0.009707505
0.9299998,0.90822756,0.0,-0.009719579
0.9299998,0.90806234,0.0,-0.009731652
0.9299998,0.90790665,0.0,-0.009743727
0.9299998,0.9077507,0.0,-0.0097558005
0.9299998,0.907144,0.0,-0.032211754
0.9299998,0.9065964,0.0,-0.032251574
0.9299998,0.9061449,0.0,-0.03229139
0.9299998,0.9054991,0.0,-0.032331206
0.9299998,0.9049494,0.0,-0.03237102
0.9299998,0.9044639,0.0,-0.03241084
0.9299998,0.9040101,0.0,-0.032450657
0.9299998,0.90382,0.0,0.010599457
0.9299998,0.90400016,0.0,0.010612446
0.9299998,0.904223,0.0,0.010625435
0.9299998,0.904393,0.0,0.010638424
0.9299998,0.90456325,0.0,0.010651414
0.9299998,0.904755,0.0,0.010664403
0.9299998,0.90493625,0.0,0.0106773935
0.9299998,0.9054562,0.0,0.07650494
0.9299998,0.90645075,0.0,0.07659789
0.9299998,0.9075997,0.0,0.07669085
0.9299998,0.90898013,0.0,0.07678381
0.9299998,0.9102855,0.0,0.07687677
0.9299998,0.91159236,0.0,0.07687677
0.9299998,0.9127469,0.0,0.07696973
0.9299998,0.9146853,0.0,0.07984639
0.9299998,0.9158032,0.0,0.0799426
0.9299998,0.9167625,0.0,0.08003879
0.9299998,0.9181231,0.0,0.080134995
0.9299998,0.91948545,0.0,0.0802312
0.9299998,0.92076916,0.0,0.08032739
0.9299998,0.9220544,0.0,0.08042359
0.9299998,0.92326075,0.0,0.080519795
0.9299998,0.92469114,0.0,0.064793885
0.91999984,0.92572784,0.0,0.0648712
0.91999984,0.92683065,0.0,0.06494852
0.91999984,0.9278049,0.0,0.065025836
0.91999984,0.9288453,0.0,0.065103166
0.91999984,0.92982185,0.0,0.06518048
0.91999984,0.93112546,0.0,0.0652578
0.91999984,0.9321335,0.0,0.05326755
0.91999984,0.933039,0.0,0.05326755
0.91999984,0.9338923,0.0,0.053393625
0.91999984,0.9347466,0.0,0.053456664
0.91999984,0.9357088,0.0,0.053519703
0.91999984,0.93656516,0.0,0.05358274
0.91999984,0.93747604,0.0,0.05358274
0.91999984,0.93796664,0.0,-0.0031458475
0.91999984,0.9379131,0.0,-0.0031532408
0.91999984,0.93786585,0.0,-0.0031532408
0.91999984,0.93779635,0.0,-0.003160634
0.91999984,0.9377553,0.0,-0.0031643305
0.91999984,0.9377047,0.0,-0.0031680274
0.91999984,0.9376508,0.0,-0.0031717238
0.91999984,0.9373126,0.0,-0.041606244
0.91999984,0.93660444,0.0,-0.04165474
0.91999984,0.93597895,0.0,-0.04175172
0.91999984,0.9352274,0.0,-0.041800216
0.91999984,0.9345586,0.0,-0.041848704
0.91999984,0.9338471,0.0,-0.0418972
0.91999984,0.9331349,0.0,-0.04194569
0.91999984,0.9325356,0.0,-0.032180723
0.91999984,0.93195635,0.0,-0.032217883
0.91999984,0.9314731,0.0,-0.032255042
0.91999984,0.93089247,0.0,-0.032255042
0.91999984,0.9303758,0.0,-0.032329366
0.91999984,0.9298262,0.0,-0.032366525
0.91999984,0.929276,0.0,-0.032403685
0.91999984,0.9286886,0.0,-0.03995721
0.91999984,0.92804927,0.0,-0.040002983
0.91999984,0.92736924,0.0,-0.040048752
0.91999984,0.9266884,0.0,-0.04009452
0.91999984,0.92604685,0.0,-0.04014029
0.91999984,0.9253645,0.0,-0.040186062
0.91999984,0.9247215,0.0,-0.04023183
0.91999984,0.9239045,0.0,-0.05244743
0.91999984,0.92296046,0.0,-0.052507024
0.91999984,0.92212033,0.0,-0.052566625
0.91999984,0.9212267,0.0,-0.052626226
0.91999984,0.9203321,0.0,-0.052685827
0.91999984,0.9194891,0.0,-0.052745424
0.91999984,0.91864514,0.0,-0.052805025
0.91999984,0.91869444,0.0,0.012105381
0.91999984,0.91888815,0.0,0.012119028
0.91999984,0.91909415,0.0,0.012132675
0.91999984,0.91930044,0.0,0.012146324
0.91999984,0.91949475,0.0,0.0121599715
0.91999984,0.91970146,0.0,0.012173619
0.91999984,0.91999066,0.0,0.05125284
0.91999984,0.92086196,0.0,0.05131023
0.91999984,0.9217342,0.0,0.051367626
0.91999984,0.9226075,0.0,0.05142502
0.91999984,0.92343026,0.0,0.05142502
0.91999984,0.9243055,0.0,0.051539805
0.91999984,0.9251817,0.0,0.051597197
0.91999984,0.9258929,0.0,0.036317322
0.91999984,0.9264377,0.0,0.036357675
0.91999984,0.9270921,0.0,0.036357675
0.91999984,0.92774653,0.0,0.036357675
0.91999984,0.9283283,0.0,0.036357675
0.91999984,0.9289464,0.0,0.036357675
0.91999984,0.92952806,0.0,0.036357675
0.91999984,0.93007404,0.0,0.036410842
0.91999984,0.93072945,0.0,0.036410842
0.91999984,0.93134844,0.0,0.036410842
0.91999984,0.9319674,0.0,0.036410842
0.91999984,0.9325136,0.0,0.036410842
0.91999984,0.93316895,0.0,0.036410842
0.91999984,0.9337888,0.0,0.03676045
0.91999984,0.93437696,0.0,0.03676045
0.91999984,0.93496513,0.0,0.03676045
0.91999984,0.93577385,0.0,0.03676045
0.91999984,0.936215,0.0,0.03676045
0.91999984,0.93683994,0.0,0.03676045
0.91999984,0.93746483,0.0,0.03676045
0.91999984,0.93843126,0.0,0.056933023
0.91999984,0.93911445,0.0,0.056933023
0.91999984,0.94013923,0.0,0.056933023
0.91999984,0.9411071,0.0,0.056933023
0.91999984,0.94201803,0.0,0.056933023
0.91999984,0.9429859,0.0,0.056933023
0.91999984,0.94389683,0.0,0.056933023
0.91999984,0.9449,0.0,0.059551597
0.91999984,0.94591236,0.0,0.059551597
0.91999984,0.94692475,0.0,0.059551597
0.91999984,0.94793713,0.0,0.059551597
0.91999984,0.94912815,0.0,0.059551597
0.91999984,0.9497832,0.0,0.059551597
0.91999984,0.950702,0.0,-0.002096577
0.91999984,0.95066637,0.0,-0.002096577
0.91999984,0.9506307,0.0,-0.002096577
0.91999984,0.9505951,0.0,-0.002096577
0.91999984,0.9505615,0.0,-0.002096577
0.91999984,0.95051956,0.0,-0.002096577
0.91999984,0.95048606,0.0,-0.002096577
0.91999984,0.94993395,0.0,-0.07211924
0.91999984,0.9487079,0.0,-0.07211924
0.91999984,0.9474819,0.0,-0.07211924
0.91999984,0.946328,0.0,-0.07211924
0.91999984,0.9451019,0.0,-0.07211924
0.91999984,0.9438759,0.0,-0.07211924
0.91999984,0.9426499,0.0,-0.07211924
0.91999984,0.941168,0.0,-0.09640119
0.91999984,0.9395292,0.0,-0.09640119
0.91999984,0.93779397,0.0,-0.09640119
0.91999984,0.9362516,0.0,-0.09640119
0.91999984,0.93461275,0.0,-0.09640119
0.91999984,0.9329739,0.0,-0.09640119
0.91999984,0.9315855,0.0,-0.052626558
0.91999984,0.9306908,0.0,-0.052626558
0.91999984,0.92979616,0.0,-0.052626558
0.91999984,0.9290068,0.0,-0.052626558
0.91999984,0.92811215,0.0,-0.052626558
0.91999984,0.9272175,0.0,-0.052626558
0.91999984,0.9264281,0.0,-0.052626558
0.90999985,0.9254912,0.0,-0.046009235
0.90999985,0.9247551,0.0,-0.046009235
0.90999985,0.92397296,0.0,-0.046009235
0.90999985,0.9231908,0.0,-0.046009235
0.90999985,0.92245466,0.0,-0.046009235
0.90999985,0.92167246,0.0,-0.046009235
0.90999985,0.92093635,0.0,-0.046009235
0.90999985,0.9194753,0.0,-0.08673191
0.90999985,0.9181743,0.0,-0.08673191
0.90999985,0.9166999,0.0,-0.08673191
0.90999985,0.91522545,0.0,-0.08673191
0.90999985,0.9132306,0.0,-0.08673191
0.90999985,0.9121031,0.0,-0.08673191
0.90999985,0.9104236,0.0,-0.13929725
0.90999985,0.906384,0.0,-0.13929725
0.90999985,0.9052696,0.0,-0.13929725
0.90999985,0.90262294,0.0,-0.13929725
0.90999985,0.9003942,0.0,-0.13929725
0.90999985,0.89872265,0.0,-0.13929725
0.90999985,0.89649385,0.0,-0.13929725
0.90999985,0.89277273,0.0,-0.1687535
0.90999985,0.89007264,0.0,-0.1687535
0.90999985,0.8873726,0.0,-0.1687535
0.90999985,0.8845038,0.0,-0.1687535
0.90999985,0.88214123,0.0,-0.1687535
0.90999985,0.8789349,0.0,-0.1687535
0.90999985,0.87691164,0.0,-0.1657402
0.90999985,0.874094,0.0,-0.1657402
0.90999985,0.87127644,0.0,-0.1657402
0.90999985,0.86845887,0.0,-0.1657402
0.90999985,0.86580706,0.0,-0.1657402
0.90999985,0.8629894,0.0,-0.1657402
0.90999985,0.8603376,0.0,-0.1657402
0.89999986,0.8573977,0.0,-0.18431513
0.89999986,0.8544487,0.0,-0.18431513
0.89999986,0.8513153,0.0,-0.18431513
0.89999986,0.84818196,0.0,-0.18431513
0.89999986,0.8450486,0.0,-0.18431513
0.89999986,0.84191525,0.0,-0.18431513
0.89999986,0.8389662,0.0,-0.18431513
0.89999986,0.8358301,0.0,-0.184531
0.89999986,0.8326931,0.0,-0.184531
0.89999986,0.8297406,0.0,-0.184531
0.89999986,0.8266036,0.0,-0.184531
0.89999986,0.8236511,0.0,-0.184531
0.89999986,0.820514,0.0,-0.184531
0.89999986,0.8175748,0.0,-0.16268826
0.89999986,0.81480914,0.0,-0.16268826
0.89999986,0.8120434,0.0,-0.16268826
0.89999986,0.8092777,0.0,-0.16268826
0.89999986,0.8066747,0.0,-0.16268826
0.89999986,0.803909,0.0,-0.16268826
0.89999986,0.801306,0.0,-0.16268826
0.89999986,0.7983886,0.0,-0.18561205
0.89999986,0.7952332,0.0,-0.18561205
0.89999986,0.7922634,0.0,-0.18561205
0.89999986,0.789108,0.0,-0.18561205
0.89999986,0.78595257,0.0,-0.18561205
0.89999986,0.78298277,0.0,-0.18561205
0.89999986,0.77982736,0.0,-0.18561205
0.88999987,0.7761107,0.0,-0.23005046
0.8799999,0.77219987,0.0,-0.23005046
0.8799999,0.76851904,0.0,-0.23005046
0.8699999,0.7646082,0.0,-0.23005046
0.8599999,0.7609274,0.0,-0.23005046
0.8599999,0.75701654,0.0,-0.23005046
0.8499999,0.7530145,0.0,-0.2856366
0.8399999,0.74815863,0.0,-0.2856366
0.8399999,0.74358845,0.0,-0.2856366
0.8299999,0.73873264,0.0,-0.2856366
0.81999993,0.7338768,0.0,-0.2856366
0.80999994,0.72930664,0.0,-0.2856366
0.80999994,0.7244508,0.0,-0.2856366
0.79999995,0.7194015,0.0,-0.3576651
0.78999996,0.7129635,0.0,-0.3576651
0.78999996,0.7072409,0.0,-0.3576651
0.78,0.7011606,0.0,-0.3576651
0.77,0.6940073,0.0,-0.3576651
0.77,0.6897153,0.0,-0.3576651
0.76,0.68327737,0.0,-0.3576651
0.75,0.67764974,0.0,-0.35015792
0.75,0.6716971,0.0,-0.35015792
0.74,0.66609454,0.0,-0.35015792
0.73,0.6597917,0.0,-0.35015792
0.72,0.65383905,0.0,-0.35015792
0.72,0.6485867,0.0,-0.35015792
0.71000004,0.6426616,0.0,-0.33366725
0.7,0.63698924,0.0,-0.33366725
0.7,0.63165057,0.0,-0.33366725
0.69,0.62597823,0.0,-0.33366725
0.68,0.6203059,0.0,-0.33366725
0.68,0.6149672,0.0,-0.33366725
0.66999996,0.6089612,0.0,-0.33366725
0.65999997,0.6036739,0.0,-0.3269887
0.65999997,0.5981151,0.0,-0.3269887
0.65,0.5928832,0.0,-0.3269887
0.64,0.58732444,0.0,-0.3269887
0.64,0.58176565,0.0,-0.3269887
0.63,0.5765338,0.0,-0.3269887
0.61999995,0.570975,0.0,-0.3269887
0.61999995,0.5662607,0.0,-0.28623217
0.60999995,0.5613947,0.0,-0.28623217
0.59999996,0.55652875,0.0,-0.28623217
0.59,0.5516628,0.0,-0.28623217
0.59,0.54708314,0.0,-0.28623217
0.58,0.5422172,0.0,-0.28623217
0.57,0.53747255,0.0,-0.24142644
0.57,0.53288543,0.0,-0.24142644
0.56,0.52902263,0.0,-0.24142644
0.54999995,0.5256427,0.0,-0.24142644
0.54999995,0.52153844,0.0,-0.24142644
0.53999996,0.5174342,0.0,-0.24142644
0.53,0.5133299,0.0,-0.24142644
0.53,0.50949794,0.0,-0.23743065
0.52,0.50569904,0.0,-0.23743065
0.51,0.5014253,0.0,-0.23743065
0.5,0.49762642,0.0,-0.23743065
0.5,0.4935901,0.0,-0.23743065
0.48999998,0.4897912,0.0,-0.23743065
0.48,0.48575488,0.0,-0.23743065
0.48,0.48175037,0.0,-0.2351147
0.47,0.47798854,0.0,-0.2351147
0.45999998,0.47399157,0.0,-0.2351147
0.45999998,0.46999463,0.0,-0.2351147
0.45,0.4659977,0.0,-0.2351147
0.44,0.46200073,0.0,-0.2351147
0.44,0.45823264,0.0,-0.17395306
0.43,0.45544937,0.0,-0.17395306
0.42,0.45266613,0.0,-0.17395306
0.41,0.44970894,0.0,-0.17395306
0.41,0.4469257,0.0,-0.17395306
0.41,0.44379452,0.0,-0.17395306
0.41,0.44101128,0.0,-0.17395306
0.41,0.43812957,0.0,-0.16532965
0.41,0.4354843,0.0,-0.16532965
0.41,0.4326737,0.0,-0.16532965
0.41,0.4300284,0.0,-0.16532965
0.41,0.42639115,0.0,-0.16532965
0.41,0.4239112,0.0,-0.16532965
0.41,0.42176193,0.0,-0.16532965
0.41,0.41837817,0.0,-0.206972
0.41,0.41485965,0.0,-0.206972
0.41,0.41134113,0.0,-0.206972
0.41,0.40802956,0.0,-0.206972
0.41,0.40451103,0.0,-0.206972
0.41,0.4011995,0.0,-0.206972
0.41,0.39754486,0.0,-0.25601736
0.41,0.39319256,0.0,-0.25601736
0.41,0.3888403,0.0,-0.25601736
0.41,0.384488,0.0,-0.25601736
0.41,0.38039172,0.0,-0.25601736
0.41,0.37603942,0.0,-0.25601736
0.41,0.37194312,0.0,-0.25601736
0.41,0.36763334,0.0,-0.25117815
0.41,0.36336333,0.0,-0.25117815
0.41,0.3590933,0.0,-0.25117815
0.41,0.35507447,0.0,-0.25117815
0.41,0.35080442,0.0,-0.25117815
0.41,0.34678558,0.0,-0.25117815
0.41,0.34251556,0.0,-0.25117815
0.41,0.33863294,0.0,-0.22499672
0.4,0.335033,0.0,-0.22499672
0.4,0.33120805,0.0,-0.22499672
0.4,0.3273831,0.0,-0.22499672
0.4,0.32378316,0.0,-0.22499672
0.4,0.3199582,0.0,-0.22499672
0.4,0.31594583,0.0,-0.27421284
0.4,0.3112842,0.0,-0.27421284
0.4,0.3068968,0.0,-0.27421284
0.4,0.3025094,0.0,-0.27421284
0.4,0.29784778,0.0,-0.27421284
0.4,0.29318616,0.0,-0.27421284
0.4,0.28852454,0.0,-0.27421284
0.4,0.28238705,0.0,-0.30163884
0.4,0.27816412,0.0,-0.30163884
0.4,0.27363953,0.0,-0.30163884
0.4,0.26700348,0.0,-0.30163884
0.4,0.2624789,0.0,-0.30163884
0.4,0.25825596,0.0,-0.30163884
0.4,0.25373137,0.0,-0.30163884
0.4,0.24867715,0.0,-0.29667383
0.4,0.2436337,0.0,-0.29667383
0.4,0.23710687,0.0,-0.29667383
0.4,0.23206343,0.0,-0.29667383
0.4,0.22731665,0.0,-0.29667383
0.4,0.22286654,0.0,-0.29667383
0.4,0.21777283,0.0,-0.26880652
0.39,0.21427834,0.0,-0.26880652
0.39,0.21024625,0.0,-0.26880652
0.38,0.20567654,0.0,-0.26880652
0.37,0.20110682,0.0,-0.26880652
0.37,0.19680592,0.0,-0.26880652
0.36,0.19223621,0.0,-0.26880652
0.35,0.18841048,0.0,-0.21513598
0.33999997,0.1836775,0.0,-0.21513598
0.33999997,0.18045045,0.0,-0.21513598
0.32999998,0.17765369,0.0,-0.21513598
0.32,0.17378125,0.0,-0.21513598
0.32,0.16926338,0.0,-0.21513598
0.30999997,0.16668175,0.0,-0.21513598
0.29999995,0.16410854,0.0,-0.15667765
0.29999995,0.16144502,0.0,-0.15667765
0.28999996,0.15862483,0.0,-0.15667765
0.27999997,0.15627466,0.0,-0.15667765
0.27999997,0.15345447,0.0,-0.15667765
0.26999995,0.15094762,0.0,-0.15667765
0.25999993,0.14849892,0.0,-0.11261986
0.24999994,0.146697,0.0,-0.11261986
0.24999994,0.14478247,0.0,-0.11261986
0.23999995,0.14298055,0.0,-0.11261986
0.22999996,0.14106601,0.0,-0.11261986
0.22999996,0.13915147,0.0,-0.11261986
0.21999997,0.13723694,0.0,-0.11261986
0.20999998,0.1355484,0.0,-0.10115192
0.20999998,0.13382882,0.0,-0.10115192
0.19999999,0.13210924,0.0,-0.10115192
0.19,0.13049081,0.0,-0.10115192
0.19,0.12887238,0.0,-0.10115192
0.18,0.12705164,0.0,-0.10115192
0.17000002,0.1254332,0.0,-0.10115192
0.17000002,0.12315426,0.0,-0.13633618
0.16000003,0.12083655,0.0,-0.13633618
0.15000004,0.11865517,0.0,-0.13633618
0.14000005,0.116337456,0.0,-0.13633618
0.14000005,0.11401974,0.0,-0.13633618
0.14000005,0.11183836,0.0,-0.13633618
0.14000005,0.10940798,0.0,-0.15928535
0.14000005,0.106859416,0.0,-0.15928535
0.14000005,0.10415157,0.0,-0.15928535
0.14000005,0.101443715,0.0,-0.15928535
0.14000005,0.09873587,0.0,-0.15928535
0.14000005,0.0961873,0.0,-0.15928535
0.14000005,0.093479455,0.0,-0.15928535
0.14000005,0.09116494,0.0,-0.13569228
0.14000005,0.08885817,0.0,-0.13569228
0.13000005,0.086687095,0.0,-0.13569228
0.13000005,0.08451602,0.0,-0.13569228
0.13000005,0.08207356,0.0,-0.13569228
0.13000005,0.079766795,0.0,-0.13569228
0.13000005,0.07759572,0.0,-0.13569228
0.13000005,0.0758762,0.0,-0.098831944
0.13000005,0.07429489,0.0,-0.098831944
0.13000005,0.072614744,0.0,-0.098831944
0.13000005,0.0709346,0.0,-0.098831944
0.13000005,0.06925446,0.0,-0.098831944
0.13000005,0.06767315,0.0,-0.098831944
0.13000005,0.06607901,0.0,-0.08143261
0.13000005,0.06469466,0.0,-0.08143261
0.120000064,0.0633103,0.0,-0.08143261
0.120000064,0.062007383,0.0,-0.08143261
0.120000064,0.060704462,0.0,-0.08143261
0.120000064,0.059238672,0.0,-0.08143261
0.120000064,0.057935752,0.0,-0.08143261
0.120000064,0.05662744,0.0,-0.07449075
0.120000064,0.0553611,0.0,-0.07449075
0.120000064,0.054169245,0.0,-0.07449075
0.120000064,0.052977394,0.0,-0.07449075
0.120000064,0.051785544,0.0,-0.07449075
0.120000064,0.050146747,0.0,-0.07449075
0.120000064,0.04925286,0.0,-0.07449075
0.110000074,0.04844573,0.0,-0.048783142
0.110000074,0.047567636,0.0,-0.048783142
0.110000074,0.046787106,0.0,-0.048783142
0.110000074,0.045957793,0.0,-0.048783142
0.110000074,0.04512848,0.0,-0.048783142
0.110000074,0.04434795,0.0,-0.048783142
0.110000074,0.043627936,0.0,-0.02681943
0.110000074,0.04317201,0.0,-0.02681943
0.110000074,0.042662438,0.0,-0.02681943
0.110000074,0.042286966,0.0,-0.02681943
0.110000074,0.041831035,0.0,-0.02681943
0.10000008,0.041375108,0.0,-0.02681943
0.10000008,0.040945996,0.0,-0.02681943
0.10000008,0.041013125,0.0,0.020784725
0.10000008,0.041345682,0.0,0.020784725
0.10000008,0.041699022,0.0,0.020784725
0.10000008,0.042052362,0.0,0.020784725
0.10000008,0.04238492,0.0,0.020784725
0.10000008,0.042759042,0.0,0.020784725
0.10000008,0.0430916,0.0,0.020784725
0.10000008,0.044083793,0.0,0.058366634
0.10000008,0.045017656,0.0,0.058366634
0.09000009,0.04600989,0.0,0.058366634
0.09000009,0.04700212,0.0,0.058366634
0.09000009,0.047994353,0.0,0.058366634
0.09000009,0.048869856,0.0,0.058366634
0.09000009,0.04978885,0.0,0.054659124
0.09000009,0.050827377,0.0,0.054659124
0.09000009,0.05164726,0.0,0.054659124
0.09000009,0.052521806,0.0,0.054659124
0.09000009,0.05356033,0.0,0.054659124
0.09000009,0.054434877,0.0,0.054659124
0.09000009,0.05536408,0.0,0.054659124
0.0800001,0.056028202,0.0,0.032607842
0.0800001,0.056549925,0.0,0.032607842
0.0800001,0.05710426,0.0,0.032607842
0.0800001,0.057625987,0.0,0.032607842
0.0800001,0.058180317,0.0,0.032607842
0.0800001,0.05873465,0.0,0.032607842
0.0800001,0.059256207,0.0,0.027404295
0.0800001,0.05972208,0.0,0.027404295
0.0800001,0.060187954,0.0,0.027404295
0.0800001,0.060653828,0.0,0.027404295
0.0800001,0.061092295,0.0,0.027404295
0.0800001,0.06150336,0.0,0.027404295
0.0800001,0.061996635,0.0,0.027404295
0.0800001,0.06260012,0.0,0.05017436
0.0800001,0.06340291,0.0,0.05017436
0.0800001,0.064205706,0.0,0.05017436
0.0800001,0.06510884,0.0,0.05017436
0.0800001,0.06596181,0.0,0.05017436
0.0800001,0.06691512,0.0,0.05017436
0.0800001,0.06761756,0.0,0.05017436
0.0800001,0.06868047,0.0,0.06759051
0.0800001,0.06982951,0.0,0.06759051
0.0800001,0.07091096,0.0,0.06759051
0.07000011,0.07206,0.0,0.06759051
0.07000011,0.07320903,0.0,0.06759051
0.07000011,0.07456084,0.0,0.06759051
0.07000011,0.07556283,0.0,0.06371635
0.07000011,0.076454856,0.0,0.06371635
0.07000011,0.07753803,0.0,0.06371635
0.07000011,0.078493774,0.0,0.06371635
0.07000011,0.07970439,0.0,0.06371635
0.07000011,0.080723844,0.0,0.06371635
0.07000011,0.081807025,0.0,0.06371635
0.07000011,0.082906745,0.0,0.06605372
0.07000011,0.08402966,0.0,0.06605372
0.07000011,0.08502047,0.0,0.06605372
0.07000011,0.086143374,0.0,0.06605372
0.07000011,0.08726629,0.0,0.06605372
0.07000011,0.088323146,0.0,0.06605372
0.07000011,0.08957817,0.0,0.06605372
0.07000011,0.09063147,0.0,0.053515412
0.07000011,0.09132717,0.0,0.053515412
0.07000011,0.092397474,0.0,0.053515412
0.07000011,0.09330724,0.0,0.053515412
0.07000011,0.09394942,0.0,0.053515412
0.07000011,0.09501973,0.0,0.053515412
0.07000011,0.095723316,0.0,0.0032242795
0.0800001,0.09577813,0.0,0.0032242795
0.0800001,0.09582005,0.0,0.0032242795
0.0800001,0.095871635,0.0,0.0032242795
0.0800001,0.09592645,0.0,0.0032242795
0.0800001,0.09599093,0.0,0.0032242795
0.0800001,0.09604252,0.0,0.0032242795
0.0800001,0.0956481,0.0,-0.04152541
0.0800001,0.0949837,0.0,-0.04152541
0.0800001,0.09427776,0.0,-0.04152541
0.0800001,0.093571834,0.0,-0.04152541
0.0800001,0.09307353,0.0,-0.04152541
0.0800001,0.092326075,0.0,-0.04152541
0.0800001,0.09162014,0.0,-0.04152541
0.0800001,0.09024325,0.0,-0.09265767
0.0800001,0.08885339,0.0,-0.09265767
0.0800001,0.08718555,0.0,-0.09265767
0.0800001,0.08570303,0.0,-0.09265767
0.09000009,0.08412784,0.0,-0.09265767
0.09000009,0.08264533,0.0,-0.09265767
0.09000009,0.08105605,0.0,-0.10509703
0.09000009,0.0792694,0.0,-0.10509703
0.09000009,0.07748275,0.0,-0.10509703
0.09000009,0.07580119,0.0,-0.10509703
0.09000009,0.07401455,0.0,-0.10509703
0.09000009,0.072227895,0.0,-0.10509703
0.09000009,0.07065144,0.0,-0.10509703
0.09000009,0.06909368,0.0,-0.058349114
0.09000009,0.068160094,0.0,-0.058349114
0.09000009,0.06716816,0.0,-0.058349114
0.09000009,0.06617623,0.0,-0.058349114
0.09000009,0.065184295,0.0,-0.058349114
0.09000009,0.06430905,0.0,-0.058349114
0.09000009,0.063258775,0.0,-0.058349114
0.09000009,0.062250562,0.0,-0.059586335
0.09000009,0.061237592,0.0,-0.059586335
0.09000009,0.060284212,0.0,-0.059586335
0.09000009,0.059271246,0.0,-0.059586335
0.09000009,0.058258276,0.0,-0.059586335
0.09000009,0.057304896,0.0,-0.059586335
0.09000009,0.056286033,0.0,-0.062306643
0.09000009,0.0550399,0.0,-0.062306643
0.09000009,0.054229915,0.0,-0.062306643
0.09000009,0.05323301,0.0,-0.062306643
0.09000009,0.052173797,0.0,-0.062306643
0.0800001,0.051114585,0.0,-0.062306643
0.0800001,0.050055373,0.0,-0.062306643
0.0800001,0.04916759,0.0,-0.04710428
0.0800001,0.048366815,0.0,-0.04710428
0.0800001,0.047613148,0.0,-0.04710428
0.0800001,0.04676527,0.0,-0.04710428
0.0800001,0.046058707,0.0,-0.04710428
0.0800001,0.04521083,0.0,-0.04710428
0.0800001,0.044504266,0.0,-0.04710428
0.0800001,0.043727446,0.0,-0.041716527
0.0800001,0.043018267,0.0,-0.041716527
0.0800001,0.042309087,0.0,-0.041716527
0.0800001,0.041641623,0.0,-0.041716527
0.0800001,0.04097416,0.0,-0.041716527
0.0800001,0.040306695,0.0,-0.041716527
0.0800001,0.039629765,0.0,-0.00809923
0.0800001,0.039492078,0.0,-0.00809923
0.0800001,0.03937059,0.0,-0.00809923
0.0800001,0.039224803,0.0,-0.00809923
0.0800001,0.039095215,0.0,-0.00809923
0.07000011,0.03895753,0.0,-0.00809923
0.07000011,0.038811743,0.0,-0.00809923
0.07000011,0.038737632,0.0,-0.0015297723
0.07000011,0.038711626,0.0,-0.0015297723
0.07000011,0.03868562,0.0,-0.0015297723
0.07000011,0.03866114,0.0,-0.0015297723
0.07000011,0.038635135,0.0,-0.0015297723
0.07000011,0.03860913,0.0,-0.0015297723
0.07000011,0.038583122,0.0,-0.0015297723
0.07000011,0.03819286,0.0,-0.02919332
0.07000011,0.037696574,0.0,-0.02919332
0.07000011,0.037200287,0.0,-0.02919332
0.07000011,0.036733195,0.0,-0.02919332
0.07000011,0.03623691,0.0,-0.02919332
0.06000012,0.03574062,0.0,-0.02919332
0.06000012,0.03520142,0.0,-0.042464413
0.06000012,0.03456445,0.0,-0.042464413
0.06000012,0.03380009,0.0,-0.042464413
0.06000012,0.033078197,0.0,-0.042464413
0.06000012,0.032398768,0.0,-0.042464413
0.06000012,0.031676874,0.0,-0.042464413
0.06000012,0.030997442,0.0,-0.042464413
0.06000012,0.030383859,0.0,-0.02932798
0.06000012,0.029885283,0.0,-0.02932798
0.06000012,0.029386707,0.0,-0.02932798
0.06000012,0.028858803,0.0,-0.02932798
0.06000012,0.028418884,0.0,-0.02932798
0.06000012,0.027949637,0.0,-0.02932798
0.06000012,0.02745106,0.0,-0.02932798
0.06000012,0.027379483,0.0,6.23445E-4
0.06000012,0.027389457,0.0,6.23445E-4
0.06000012,0.027400056,0.0,6.23445E-4
0.06000012,0.027410654,0.0,6.23445E-4
0.06000012,0.027421253,0.0,6.23445E-4
0.06000012,0.02743123,0.0,6.23445E-4
0.06000012,0.02755972,0.0,0.03670391
0.06000012,0.028330501,0.0,0.03670391
0.06000012,0.028770948,0.0,0.03670391
0.06000012,0.029358212,0.0,0.03670391
0.06000012,0.030018881,0.0,0.03670391
0.05000013,0.030606143,0.0,0.03670391
0.05000013,0.03123011,0.0,0.03670391
0.05000013,0.032297757,0.0,0.09473068
0.05000013,0.03390818,0.0,0.09473068
0.05000013,0.03542387,0.0,0.09473068
0.05000013,0.037129022,0.0,0.09473068
0.05000013,0.038739443,0.0,0.09473068
0.05000013,0.040160403,0.0,0.09473068
0.05000013,0.041770823,0.0,0.09473068
0.05000013,0.04376586,0.0,0.12164581
0.05000013,0.04571219,0.0,0.12164581
0.05000013,0.047901817,0.0,0.12164581
0.05000013,0.049848147,0.0,0.12164581
0.05000013,0.051916126,0.0,0.12164581
0.05000013,0.053984106,0.0,0.12164581
0.05000013,0.056044742,0.0,0.119939186
0.05000013,0.05796377,0.0,0.119939186
0.05000013,0.059882797,0.0,0.119939186
0.05000013,0.06192176,0.0,0.119939186
0.05000013,0.06396073,0.0,0.119939186
0.05000013,0.065999694,0.0,0.119939186
0.05000013,0.06803866,0.0,0.119939186
0.05000013,0.070053525,0.0,0.14589792
0.05000013,0.07253379,0.0,0.14589792
0.05000013,0.07501405,0.0,0.14589792
0.05000013,0.07734842,0.0,0.14589792
0.05000013,0.08041227,0.0,0.14589792
0.05000013,0.08230895,0.0,0.14589792
0.05000013,0.08478921,0.0,0.14589792
0.06000012,0.08776122,0.0,0.17798921
0.06000012,0.09060905,0.0,0.17798921
0.06000012,0.093634866,0.0,0.17798921
0.06000012,0.09666068,0.0,0.17798921
0.06000012,0.09950851,0.0,0.17798921
0.06000012,0.102534324,0.0,0.17798921
0.06000012,0.10566454,0.0,0.20207441
0.06000012,0.10889773,0.0,0.20207441
0.06000012,0.11233299,0.0,0.20207441
0.06000012,0.115768254,0.0,0.20207441
0.06000012,0.11900145,0.0,0.20207441
0.06000012,0.12243671,0.0,0.20207441
0.06000012,0.12587197,0.0,0.20207441
0.06000012,0.1293714,0.0,0.23056279
0.06000012,0.13306041,0.0,0.23056279
0.06000012,0.13721055,0.0,0.23056279
0.06000012,0.14089955,0.0,0.23056279
0.06000012,0.14481911,0.0,0.23056279
0.06000012,0.14873868,0.0,0.23056279
0.06000012,0.15265825,0.0,0.23056279
0.06000012,0.15725821,0.0,0.28988105
0.06000012,0.1618963,0.0,0.28988105
0.06000012,0.16682428,0.0,0.28988105
0.06000012,0.17175226,0.0,0.28988105
0.06000012,0.17812963,0.0,0.28988105
0.06000012,0.18218797,0.0,0.28988105
0.07000011,0.18795317,0.0,0.35528994
0.07000011,0.19221665,0.0,0.35528994
0.0800001,0.20003304,0.0,0.35528994
0.09000009,0.20536238,0.0,0.35528994
0.09000009,0.21033643,0.0,0.35528994
0.10000008,0.21637636,0.0,0.35528994
0.110000074,0.22241628,0.0,0.35528994
0.120000064,0.23054479,0.0,0.39868674
0.120000064,0.23732246,0.0,0.39868674
0.13000005,0.24330276,0.0,0.39868674
0.14000005,0.25008044,0.0,0.39868674
0.14000005,0.25566205,0.0,0.39868674
0.15000004,0.26363578,0.0,0.39868674
0.16000003,0.26842,0.0,0.39868674
0.16000003,0.2756232,0.0,0.45223957
0.17000002,0.28331128,0.0,0.45223957
0.18,0.29099935,0.0,0.45223957
0.18,0.29868743,0.0,0.45223957
0.19,0.30592325,0.0,0.45223957
0.19999999,0.31361133,0.0,0.45223957
0.20999998,0.32096973,0.0,0.48008552
0.20999998,0.3291312,0.0,0.48008552
0.21999997,0.33729264,0.0,0.48008552
0.22999996,0.344974,0.0,0.48008552
0.22999996,0.35361552,0.0,0.48008552
0.23999995,0.3612969,0.0,0.48008552
0.24999994,0.36945835,0.0,0.48008552
0.24999994,0.3773029,0.0,0.49575856
0.25999993,0.38573083,0.0,0.49575856
0.26999995,0.39366296,0.0,0.49575856
0.26999995,0.40209085,0.0,0.49575856
0.27999997,0.41051874,0.0,0.49575856
0.28999996,0.4184509,0.0,0.49575856
0.29999995,0.42687878,0.0,0.49575856
0.29999995,0.43531153,0.0,0.52821445
0.30999997,0.44429117,0.0,0.52821445
0.32,0.4532708,0.0,0.52821445
0.32,0.46225044,0.0,0.52821445
0.32999998,0.47070187,0.0,0.52821445
0.33999997,0.47968152,0.0,0.52821445
0.33999997,0.4886019,0.0,0.51731265
0.35,0.49739623,0.0,0.51731265
0.36,0.5056732,0.0,0.51731265
0.36,0.51446754,0.0,0.51731265
0.37,0.52274454,0.0,0.51731265
0.38,0.53153884,0.0,0.51731265
0.38,0.53981584,0.0,0.51731265
0.39,0.5483314,0.0,0.49062374
0.4,0.556672,0.0,0.49062374
0.4,0.5650126,0.0,0.49062374
0.41,0.57286257,0.0,0.49062374
0.42,0.58169377,0.0,0.49062374
0.43,0.58954376,0.0,0.49062374
0.43,0.59789735,0.0,0.5190569
0.44,0.60672134,0.0,0.5190569
0.45,0.6145072,0.0,0.5190569
0.45,0.6238502,0.0,0.5190569
0.45999998,0.6321551,0.0,0.5190569
0.47,0.64097905,0.0,0.5190569
0.47,0.64980304,0.0,0.5190569
0.48,0.65809673,0.0,0.5170007
0.48999998,0.6663687,0.0,0.5170007
0.48999998,0.6751577,0.0,0.5170007
0.5,0.6865317,0.0,0.5170007
0.51,0.6922187,0.0,0.5170007
0.52,0.7010077,0.0,0.5170007
0.52,0.7097967,0.0,0.5170007
0.53,0.7178382,0.0,0.451887
0.53999996,0.7255203,0.0,0.451887
0.53999996,0.73275054,0.0,0.451887
0.54999995,0.7399807,0.0,0.451887
0.56,0.7481147,0.0,0.451887
0.56,0.75534487,0.0,0.451887
0.57,0.76454437,0.0,0.38729748
0.58,0.7695793,0.0,0.38729748
0.58,0.775776,0.0,0.38729748
0.59,0.7823601,0.0,0.38729748
0.59999996,0.7885568,0.0,0.38729748
0.60999995,0.79514086,0.0,0.38729748
0.60999995,0.801725,0.0,0.38729748
0.61999995,0.80784243,0.0,0.31554934
0.63,0.81289124,0.0,0.31554934
0.63,0.81794006,0.0,0.31554934
0.64,0.8236199,0.0,0.31554934
0.65,0.8286687,0.0,0.31554934
0.65,0.8340331,0.0,0.31554934
0.65999997,0.8393974,0.0,0.31554934
0.66999996,0.8436897,0.0,0.24984765
0.66999996,0.8479371,0.0,0.24984765
0.68,0.8519347,0.0,0.24984765
0.69,0.8561821,0.0,0.24984765
0.69,0.86017966,0.0,0.24984765
0.7,0.8641772,0.0,0.24984765
0.71000004,0.868653,0.0,0.20897998
0.71000004,0.8722057,0.0,0.20897998
0.72,0.8755494,0.0,0.20897998
0.73,0.879102,0.0,0.20897998
0.74,0.8824457,0.0,0.20897998
0.74,0.88599837,0.0,0.20897998
0.75,0.889551,0.0,0.20897998
0.76,0.8926003,0.0,0.15580349
0.76,0.89540476,0.0,0.15580349
0.77,0.8978976,0.0,0.15580349
0.78,0.90039045,0.0,0.15580349
0.78,0.90303916,0.0,0.15580349
0.78999996,0.9056878,0.0,0.15580349
0.79999995,0.90833646,0.0,0.15580349
0.79999995,0.9103257,0.0,0.10325213
0.80999994,0.91197777,0.0,0.10325213
0.81999993,0.9136298,0.0,0.10325213
0.8299999,0.91538507,0.0,0.10325213
0.8299999,0.9170371,0.0,0.10325213
0.8399999,0.91889566,0.0,0.10325213
0.8499999,0.92063135,0.0,0.090681255
0.8499999,0.92208225,0.0,0.090681255
0.8599999,0.92362386,0.0,0.090681255
0.8699999,0.92507476,0.0,0.090681255
0.8699999,0.9266163,0.0,0.090681255
0.8799999,0.92815787,0.0,0.090681255
0.88999987,0.9296088,0.0,0.090681255
0.88999987,0.93093413,0.0,0.057769183
0.89999986,0.9318585,0.0,0.057769183
0.90999985,0.9328405,0.0,0.057769183
0.90999985,0.93405366,0.0,0.057769183
0.91999984,0.93492025,0.0,0.057769183
0.91999984,0.93572897,0.0,0.057769183
0.91999984,0.9367111,0.0,0.057769183
0.91999984,0.93743575,0.0,0.037311446
0.91999984,0.93803275,0.0,0.037311446
0.91999984,0.93866706,0.0,0.037311446
0.91999984,0.939264,0.0,0.037311446
0.91999984,0.9399356,0.0,0.037311446
0.91999984,0.9405326,0.0,0.037311446
0.91999984,0.9411421,0.0,0.058409866
0.91999984,0.94213504,0.0,0.058409866
0.91999984,0.9430112,0.0,0.058409866
0.91999984,0.944121,0.0,0.058409866
0.91999984,0.94505554,0.0,0.058409866
0.91999984,0.9459901,0.0,0.058409866
0.91999984,0.9468663,0.0,0.058409866
0.91999984,0.94785935,0.0,0.04073396
0.91999984,0.9485518,0.0,0.04073396
0.91999984,0.94920355,0.0,0.04073396
0.91999984,0.94989604,0.0,0.04073396
0.9299998,0.9505885,0.0,0.04073396
0.9299998,0.95124024,0.0,0.04073396
0.9299998,0.95189196,0.0,0.04073396
0.9299998,0.95243645,0.0,0.025768457
0.9299998,0.95284873,0.0,0.025768457
0.9299998,0.9533125,0.0,0.025768457
0.9299998,0.95372486,0.0,0.025768457
0.9299998,0.9541629,0.0,0.025768457
0.9299998,0.9545752,0.0,0.025768457
0.9299998,0.9549953,0.0,0.014685169
0.9299998,0.95523024,0.0,0.014685169
0.9299998,0.9554945,0.0,0.014685169
0.9299998,0.9557295,0.0,0.014685169
0.9399998,0.95596445,0.0,0.014685169
0.9399998,0.9562288,0.0,0.014685169
0.9399998,0.95646375,0.0,0.014685169
0.9399998,0.95630664,0.0,-0.027698018
0.9399998,0.9558635,0.0,-0.027698018
0.9399998,0.9555034,0.0,-0.027698018
0.9399998,0.95494944,0.0,-0.027698018
0.9399998,0.95447856,0.0,-0.027698018
0.9399998,0.9541185,0.0,-0.027698018
0.9399998,0.9536753,0.0,-0.027698018
0.9399998,0.9530809,0.0,-0.032693498
0.9399998,0.9525578,0.0,-0.032693498
0.9499998,0.95190394,0.0,-0.032693498
0.9499998,0.95138085,0.0,-0.032693498
0.9499998,0.95092314,0.0,-0.032693498
0.9499998,0.95023656,0.0,-0.032693498
0.9499998,0.94985324,0.0,-0.009714928
0.9499998,0.9496978,0.0,-0.009714928
0.9499998,0.94955206,0.0,-0.009714928
0.9499998,0.9493966,0.0,-0.009714928
0.9499998,0.94923145,0.0,-0.009714928
0.9499998,0.9490663,0.0,-0.009714928
0.9499998,0.9489109,0.0,-0.009714928
0.9499998,0.9488564,0.0,0.004713539
0.9499998,0.9489318,0.0,0.004713539
0.9499998,0.9490119,0.0,0.004713539
0.9499998,0.9490921,0.0,0.004713539
0.9499998,0.9491675,0.0,0.004713539
0.9499998,0.9492476,0.0,0.004713539
0.9499998,0.9493372,0.0,0.004713539
0.9499998,0.9492236,0.0,-0.008754713
0.9499998,0.9490835,0.0,-0.008754713
0.9499998,0.9489347,0.0,-0.008754713
0.9499998,0.9487946,0.0,-0.008754713
0.9499998,0.9486458,0.0,-0.008754713
0.9499998,0.94849694,0.0,-0.008754713
0.9499998,0.9483538,0.0,-0.0066425623
0.9499998,0.94824755,0.0,-0.0066425623
0.9499998,0.9481346,0.0,-0.0066425623
0.9499998,0.9480217,0.0,-0.0066425623
0.9499998,0.94791543,0.0,-0.0066425623
0.9499998,0.9478025,0.0,-0.0066425623
0.9499998,0.9476896,0.0,-0.0066425623
0.9499998,0.9476912,0.0,0.007368094
0.9499998,0.9478165,0.0,0.007368094
0.9599998,0.9479417,-0.19999623,0.007368094
0.9599998,0.948067,-0.19999623,0.007368094
0.9599998,0.9481849,-0.19999623,0.007368094
0.9599998,0.94831014,-0.19999623,0.007368094
0.9599998,0.94842803,-0.19999623,0.007368094
0.9599998,0.9483737,-0.19999623,-0.005725846
0.9599998,0.94827634,-0.19999623,-0.005725846
0.9599998,0.9481847,-0.19999623,-0.005725846
0.9599998,0.9480874,-0.19999623,-0.005725846
0.9599998,0.94799006,-0.19999623,-0.005725846
0.9599998,0.9478927,-0.19999623,-0.005725846
0.9599998,0.9477314,-0.19999623,-0.031297747
0.9599998,0.94719934,-0.19999623,-0.031297747
0.9599998,0.94666725,-0.19999623,-0.031297747
0.9599998,0.94607264,-0.19999623,-0.031297747
0.9599998,0.94560313,-0.19999623,-0.031297747
0.9599998,0.9451337,-0.19999623,-0.031297747
0.9599998,0.94460166,-0.19999623,-0.031297747
0.9599998,0.9438352,-0.19999623,-0.06563188
0.9599998,0.94271946,-0.19999623,-0.06563188
0.9599998,0.9416037,-0.19999623,-0.06563188
0.9599998,0.9405536,-0.19999623,-0.06563188
0.9599998,0.93943787,-0.19999623,-0.06563188
0.9599998,0.9383221,-0.19999623,-0.06563188
0.9599998,0.9372064,-0.19999623,-0.06563188
0.9599998,0.9360708,-0.19999623,-0.07184804
0.9599998,0.9348494,-0.19999623,-0.07184804
0.9599998,0.93362796,-0.19999623,-0.07184804
0.9599998,0.9324784,-0.19999623,-0.07184804
0.9599998,0.931257,-0.19999623,-0.07184804
0.9499998,0.9301074,0.0,-0.07184804
0.9499998,0.928935,0.0,-0.054105006
0.9499998,0.9280693,0.0,-0.054105006
0.9499998,0.9270954,0.0,-0.054105006
0.9499998,0.9262297,0.0,-0.054105006
0.9499998,0.92530996,0.0,-0.054105006
0.9499998,0.92444426,0.0,-0.054105006
0.9499998,0.92357856,0.0,-0.054105006
0.9499998,0.92292184,0.0,-0.023243865
0.9499998,0.9224802,0.0,-0.023243865
0.9499998,0.9220851,0.0,-0.023243865
0.9499998,0.9217132,0.0,-0.023243865
0.9499998,0.92131805,0.0,-0.023243865
0.9499998,0.9208299,0.0,-0.023243865
0.9499998,0.9205045,0.0,-0.023243865
0.9499998,0.919991,0.0,-0.034394283
0.9499998,0.9194407,0.0,-0.034394283
0.9499998,0.9189248,0.0,-0.034394283
0.9499998,0.9183057,0.0,-0.034394283
0.9499998,0.9176866,0.0,-0.034394283
0.9499998,0.9171363,0.0,-0.034394283
0.9399998,0.91645867,0.0,-0.07997282
0.9399998,0.91509914,0.0,-0.07997282
0.9399998,0.91373956,0.0,-0.07997282
0.9399998,0.91230005,0.0,-0.07997282
0.9399998,0.9110205,0.0,-0.07997282
0.9399998,0.9097409,0.0,-0.07997282
0.9399998,0.9084614,0.0,-0.07997282
0.9399998,0.9073687,0.0,-0.049660522
0.9399998,0.9063755,0.0,-0.049660522
0.9399998,0.90558094,0.0,-0.049660522
0.9399998,0.90483606,0.0,-0.049660522
0.9399998,0.90404147,0.0,-0.049660522
0.9399998,0.90324694,0.0,-0.049660522
0.9399998,0.90245235,0.0,-0.049660522
0.9399998,0.9025546,0.0,0.017570648
0.9399998,0.9028181,0.0,0.017570648
0.9399998,0.9031519,0.0,0.017570648
0.9399998,0.9034331,0.0,0.017570648
0.9399998,0.9037845,0.0,0.017570648
0.9299998,0.9040305,0.0,0.017570648
0.9299998,0.9044683,0.0,0.05850653
0.9299998,0.90546286,0.0,0.05850653
0.9299998,0.906399,0.0,0.05850653
0.9299998,0.9073936,0.0,0.05850653
0.9299998,0.9083882,0.0,0.05850653
0.9299998,0.9093243,0.0,0.05850653
0.9299998,0.9103189,0.0,0.05850653
0.9299998,0.911352,0.0,0.062412374
0.9299998,0.91235054,0.0,0.062412374
0.9299998,0.91341156,0.0,0.062412374
0.9299998,0.9144102,0.0,0.062412374
0.9299998,0.9154712,0.0,0.062412374
0.9299998,0.91653216,0.0,0.062412374
0.9299998,0.91746837,0.0,0.062412374
0.9299998,0.91866076,0.0,0.06705824
0.9299998,0.91980076,0.0,0.06705824
0.9299998,0.92094076,0.0,0.06705824
0.9299998,0.9220137,0.0,0.06705824
0.9299998,0.9231537,0.0,0.06705824
0.9299998,0.9242937,0.0,0.06705824
0.9299998,0.92543554,0.0,0.041706525
0.9299998,0.92614454,0.0,0.041706525
0.9299998,0.92668676,0.0,0.041706525
0.9299998,0.92735404,0.0,0.041706525
0.9299998,0.9280631,0.0,0.041706525
0.9299998,0.9287721,0.0,0.041706525
0.9299998,0.92943937,0.0,0.041706525
0.9299998,0.9294642,0.0,-0.027596517
0.9299998,0.9290227,0.0,-0.027596517
0.9299998,0.928526,0.0,-0.027596517
0.9299998,0.92811203,0.0,-0.027596517
0.9299998,0.9276153,0.0,-0.027596517
0.9299998,0.92714614,0.0,-0.027596517
0.9299998,0.9264277,0.0,-0.06336936
0.9299998,0.92573065,0.0,-0.06336936
0.9299998,0.92459,0.0,-0.06336936
0.9299998,0.9235761,0.0,-0.06336936
0.9299998,0.9224988,0.0,-0.06336936
0.9299998,0.9214849,0.0,-0.06336936
0.9299998,0.9204076,0.0,-0.06336936
0.9299998,0.91867244,0.0,-0.108840495
0.9299998,0.9173663,0.0,-0.108840495
0.9299998,0.91540724,0.0,-0.108840495
0.9299998,0.91355693,0.0,-0.108840495
0.9299998,0.91181546,0.0,-0.108840495
0.9299998,0.91007406,0.0,-0.108840495
0.9299998,0.90822375,0.0,-0.108840495
0.9299998,0.90607345,0.0,-0.15011631
0.9299998,0.9035215,0.0,-0.15011631
0.9299998,0.90051913,0.0,-0.15011631
0.9299998,0.89796716,0.0,-0.15011631
0.9299998,0.89601564,0.0,-0.15011631
0.9299998,0.89316344,0.0,-0.15011631
0.9299998,0.8906606,0.0,-0.124501444
0.9299998,0.88841957,0.0,-0.124501444
0.9299998,0.8869255,0.0,-0.124501444
0.9299998,0.8846845,0.0,-0.124501444
0.9299998,0.88269246,0.0,-0.124501444
0.9299998,0.8802025,0.0,-0.124501444
0.9299998,0.8780859,0.0,-0.124501444
0.91999984,0.8764968,0.0,-0.07368362
0.91999984,0.87524414,0.0,-0.07368362
0.91999984,0.8739179,0.0,-0.07368362
0.91999984,0.8728863,0.0,-0.07368362
0.91999984,0.87178105,0.0,-0.07368362
0.91999984,0.8705284,0.0,-0.07368362
0.91999984,0.8693495,0.0,-0.07368362
0.91999984,0.8683007,0.0,-0.060589682
0.91999984,0.86727065,0.0,-0.060589682
0.91999984,0.8662406,0.0,-0.060589682
0.91999984,0.8652106,0.0,-0.060589682
0.91999984,0.86418056,0.0,-0.060589682
0.91999984,0.86321115,0.0,-0.060589682
0.91999984,0.8622417,0.0,-0.060589682
0.91999984,0.86129,0.0,-0.05567959
0.91999984,0.86034346,0.0,-0.05567959
0.91999984,0.8593969,0.0,-0.05567959
0.91999984,0.858506,0.0,-0.05567959
0.91999984,0.8576151,0.0,-0.05567959
0.91999984,0.8566129,0.0,-0.05567959
0.91999984,0.8559349,0.0,-0.01599553
0.91999984,0.85564697,0.0,-0.01599553
0.91999984,0.8553911,0.0,-0.01599553
0.91999984,0.85510314,0.0,-0.01599553
0.91999984,0.8548472,0.0,-0.01599553
0.91999984,0.8545913,0.0,-0.01599553
0.90999985,0.8543194,0.0,-0.01599553
0.90999985,0.8539814,0.0,-0.022015134
0.89999986,0.8536071,0.0,-0.022015134
0.88999987,0.85321087,0.0,-0.022015134
0.8799999,0.85288066,0.0,-0.022015134
0.8799999,0.8525064,0.0,-0.022015134
0.8699999,0.85217613,0.0,-0.022015134
0.8599999,0.8517208,0.0,-0.059682094
0.8599999,0.85052717,0.0,-0.059682094
0.8499999,0.8497513,0.0,-0.059682094
0.8399999,0.84879637,0.0,-0.059682094
0.8399999,0.8477818,0.0,-0.059682094
0.8299999,0.8468269,0.0,-0.059682094
0.81999993,0.84581226,0.0,-0.059682094
0.80999994,0.8447881,0.0,-0.06128299
0.80999994,0.8438076,0.0,-0.06128299
0.80999994,0.84276575,0.0,-0.06128299
0.80999994,0.8417239,0.0,-0.06128299
0.80999994,0.84068215,0.0,-0.06128299
0.80999994,0.8397016,0.0,-0.06128299
0.80999994,0.8386598,0.0,-0.06128299
0.80999994,0.8380771,0.0,-0.02304194
0.80999994,0.8377084,0.0,-0.02304194
0.80999994,0.83733976,0.0,-0.02304194
0.80999994,0.836925,0.0,-0.02304194
0.80999994,0.8365563,0.0,-0.02304194
0.80999994,0.83618766,0.0,-0.02304194
0.80999994,0.83579695,0.0,6.116807E-4
0.80999994,0.8358068,0.0,6.116807E-4
0.80999994,0.83581716,0.0,6.116807E-4
0.80999994,0.83582693,0.0,6.116807E-4
0.81999993,0.83583736,0.0,6.116807E-4
0.81999993,0.83584774,0.0,6.116807E-4
0.81999993,0.83585817,0.0,6.116807E-4
0.81999993,0.8356929,0.0,-0.028421937
0.81999993,0.83523816,0.0,-0.028421937
0.81999993,0.83478343,0.0,-0.028421937
0.81999993,0.8342718,0.0,-0.028421937
0.81999993,0.83378863,0.0,-0.028421937
0.81999993,0.8333339,0.0,-0.028421937
0.81999993,0.8328507,0.0,-0.028421937
0.81999993,0.83166033,0.0,-0.08716315
0.81999993,0.8303529,0.0,-0.08716315
0.81999993,0.8287839,0.0,-0.08716315
0.81999993,0.82730216,0.0,-0.08716315
0.81999993,0.8259075,0.0,-0.08716315
0.81999993,0.8243386,0.0,-0.08716315
0.81999993,0.8229096,0.0,-0.11988941
0.81999993,0.8208715,0.0,-0.11988941
0.81999993,0.8189533,0.0,-0.11988941
0.81999993,0.81691515,0.0,-0.11988941
0.81999993,0.81487703,0.0,-0.11988941
0.81999993,0.8129588,0.0,-0.11988941
0.81999993,0.8110406,0.0,-0.11988941
0.81999993,0.8092099,0.0,-0.08567557
0.81999993,0.8077534,0.0,-0.08567557
0.81999993,0.80638254,0.0,-0.08567557
0.81999993,0.8049261,0.0,-0.08567557
0.81999993,0.8034696,0.0,-0.08567557
0.81999993,0.8020131,0.0,-0.08567557
0.8299999,0.8006423,0.0,-0.08567557
0.8299999,0.79898685,0.0,-0.102156036
0.8299999,0.7972502,0.0,-0.102156036
0.8299999,0.7955135,0.0,-0.102156036
0.8299999,0.79387903,0.0,-0.102156036
0.8299999,0.7921424,0.0,-0.102156036
0.8299999,0.79040575,0.0,-0.102156036
0.8299999,0.7886928,0.0,-0.17450245
0.8299999,0.78572625,0.0,-0.17450245
0.8299999,0.7820617,0.0,-0.17450245
0.8299999,0.77996767,0.0,-0.17450245
0.8299999,0.7771756,0.0,-0.17450245
0.8299999,0.7740346,0.0,-0.17450245
0.8299999,0.77106804,0.0,-0.17450245
0.8299999,0.76836324,0.0,-0.16220653
0.8299999,0.76560575,0.0,-0.16220653
0.8299999,0.76301044,0.0,-0.16220653
0.8299999,0.76025295,0.0,-0.16220653
0.8299999,0.7574954,0.0,-0.16220653
0.81999993,0.7549001,0.0,-0.16220653
0.81999993,0.7521426,0.0,-0.16220653
0.81999993,0.7503212,0.0,-0.09078221
0.81999993,0.7487779,0.0,-0.09078221
0.81999993,0.74723464,0.0,-0.09078221
0.81999993,0.74578214,0.0,-0.09078221
0.81999993,0.74432963,0.0,-0.09078221
0.81999993,0.7427863,0.0,-0.09078221
0.81999993,0.74133533,0.0,-0.08940526
0.81999993,0.7398155,0.0,-0.08940526
0.81999993,0.73829556,0.0,-0.08940526
0.81999993,0.7367757,0.0,-0.08940526
0.81999993,0.7352558,0.0,-0.08940526
0.81999993,0.7337359,0.0,-0.08940526
0.81999993,0.7323054,0.0,-0.08940526
0.81999993,0.7309968,0.0,-0.072313115
0.81999993,0.72976744,0.0,-0.072313115
0.81999993,0.72861046,0.0,-0.072313115
0.81999993,0.7273811,0.0,-0.072313115
0.81999993,0.7261518,0.0,-0.072313115
0.81999993,0.7249225,0.0,-0.072313115
0.81999993,0.7237655,0.0,-0.072313115
0.81999993,0.72321194,0.0,-0.02260587
0.81999993,0.722805,0.0,-0.02260587
0.81999993,0.7224207,0.0,-0.02260587
0.81999993,0.7220816,0.0,-0.02260587
0.81999993,0.72169733,0.0,-0.02260587
0.80999994,0.7212904,0.0,-0.02260587
0.79999995,0.7210279,0.0,0.023505937
0.78999996,0.721404,0.0,0.023505937
0.78999996,0.72182715,0.0,0.023505937
0.78,0.72220325,0.0,0.023505937
0.77,0.72260284,0.0,0.023505937
0.77,0.72297895,0.0,0.023505937
0.76,0.72337854,0.0,0.023505937
0.75,0.7242646,0.0,0.08310748
0.75,0.72559434,0.0,0.08310748
0.75,0.72692406,0.0,0.08310748
0.75,0.72833693,0.0,0.08310748
0.75,0.72974974,0.0,0.08310748
0.75,0.73116255,0.0,0.08310748
0.75,0.7326585,0.0,0.08310748
0.75,0.73451245,0.0,0.12921123
0.75,0.73670906,0.0,0.12921123
0.75,0.73877645,0.0,0.12921123
0.75,0.74097306,0.0,0.12921123
0.75,0.74381566,0.0,0.12921123
0.75,0.7457538,0.0,0.12921123
0.75,0.74751514,0.0,0.16652322
0.75,0.7511786,0.0,0.16652322
0.75,0.753843,0.0,0.16652322
0.75,0.7565074,0.0,0.16652322
0.75,0.7586722,0.0,0.16652322
0.75,0.76150304,0.0,0.16652322
0.75,0.7641674,0.0,0.16652322
0.75,0.7678949,0.0,0.20198564
0.74,0.7717327,0.0,0.20198564
0.74,0.77456045,0.0,0.20198564
0.74,0.7781962,0.0,0.20198564
0.74,0.781428,0.0,0.20198564
0.74,0.78486174,0.0,0.20198564
0.74,0.78748757,0.0,0.20198564
0.74,0.79174805,0.0,0.19244796
0.74,0.7948272,0.0,0.19244796
0.74,0.79713655,0.0,0.19244796
0.74,0.8004082,0.0,0.19244796
0.74,0.80348736,0.0,0.19244796
0.74,0.806759,0.0,0.19244796
0.74,0.80976725,0.0,0.16050199
0.74,0.81249577,0.0,0.16050199
0.74,0.81506383,0.0,0.16050199
0.74,0.8179529,0.0,0.16050199
0.74,0.8205209,0.0,0.16050199
0.74,0.8232494,0.0,0.16050199
0.75,0.82581747,0.0,0.16050199
0.75,0.8289262,0.0,0.20670457
0.75,0.8324402,0.0,0.20670457
0.75,0.8359542,0.0,0.20670457
0.75,0.8392615,0.0,0.20670457
0.75,0.8427754,0.0,0.20670457
0.75,0.8462894,0.0,0.20670457
0.75,0.8495967,0.0,0.20670457
0.75,0.8531907,0.0,0.21232675
0.75,0.85658795,0.0,0.21232675
0.75,0.8601975,0.0,0.21232675
0.75,0.8635947,0.0,0.21232675
0.75,0.8674166,0.0,0.21232675
0.75,0.87081385,0.0,0.21232675
0.75,0.8740393,0.0,0.1360627
0.75,0.87648845,0.0,0.1360627
0.75,0.87866545,0.0,0.1360627
0.75,0.8809785,0.0,0.1360627
0.75,0.8831555,0.0,0.1360627
0.75,0.88546854,0.0,0.1360627
0.75,0.8877816,0.0,0.1360627
0.75,0.8894433,0.0,0.06573875
0.75,0.89049506,0.0,0.06573875
0.75,0.8915469,0.0,0.06573875
0.75,0.8927302,0.0,0.06573875
0.75,0.89384776,0.0,0.06573875
0.76,0.89489955,0.0,0.06573875
0.76,0.8959514,0.0,0.06573875
0.77,0.8967305,0.0,0.039276447
0.78,0.8973589,0.0,0.039276447
0.78,0.8980266,0.0,0.039276447
0.78999996,0.89869434,0.0,0.039276447
0.79999995,0.89928347,0.0,0.039276447
0.79999995,0.89995116,0.0,0.039276447
0.80999994,0.9006164,0.0,0.038536955
0.81999993,0.9012716,0.0,0.038536955
0.8299999,0.9019267,0.0,0.038536955
0.8299999,0.9027745,0.0,0.038536955
0.8399999,0.9031984,0.0,0.038536955
0.8499999,0.903815,0.0,0.038536955
0.8499999,0.90447015,0.0,0.038536955
0.8599999,0.904604,0.0,-0.012255094
0.8699999,0.9044447,0.0,-0.012255094
0.8699999,0.9042486,0.0,-0.012255094
0.8699999,0.90405256,0.0,-0.012255094
0.8699999,0.9038442,0.0,-0.012255094
0.8699999,0.90362364,0.0,-0.012255094
0.8699999,0.90342754,0.0,-0.012255094
0.8699999,0.9027734,0.0,-0.04137947
0.8699999,0.9021113,0.0,-0.04137947
0.8699999,0.90140784,0.0,-0.04137947
0.8699999,0.90053886,0.0,-0.04137947
0.8699999,0.9000423,0.0,-0.04137947
0.8699999,0.8992975,0.0,-0.04137947
0.8799999,0.8987689,0.0,-0.013626676
0.8799999,0.8985373,0.0,-0.013626676
0.8799999,0.898292,0.0,-0.013626676
0.8799999,0.898074,0.0,-0.013626676
0.8799999,0.89785594,0.0,-0.013626676
0.8799999,0.8975698,0.0,-0.013626676
0.8799999,0.89739263,0.0,-0.013626676
0.8799999,0.89695114,0.0,-0.037573516
0.8799999,0.8963124,0.0,-0.037573516
0.8799999,0.89567363,0.0,-0.037573516
0.8799999,0.8950349,0.0,-0.037573516
0.8799999,0.89443374,0.0,-0.037573516
0.8799999,0.89379495,0.0,-0.037573516
0.8799999,0.8931938,0.0,-0.037573516
0.8799999,0.89169854,0.0,-0.09340079
0.8799999,0.89011073,0.0,-0.09340079
0.8799999,0.8886163,0.0,-0.09340079
0.8799999,0.8870285,0.0,-0.09340079
0.8799999,0.8854407,0.0,-0.09340079
0.8799999,0.8839463,0.0,-0.09340079
0.8799999,0.88222396,0.0,-0.12430758
0.8799999,0.880235,0.0,-0.12430758
0.8799999,0.8781218,0.0,-0.12430758
0.8799999,0.87600857,0.0,-0.12430758
0.8799999,0.8740197,0.0,-0.12430758
0.8799999,0.87190646,0.0,-0.12430758
0.8799999,0.8697932,0.0,-0.12430758
0.8799999,0.8675148,0.0,-0.14024404
0.8799999,0.86513066,0.0,-0.14024404
0.8799999,0.8628868,0.0,-0.14024404
0.8799999,0.8605026,0.0,-0.14024404
0.8799999,0.8582587,0.0,-0.14024404
0.8799999,0.85587454,0.0,-0.14024404
0.8799999,0.8534904,0.0,-0.14024404
0.8799999,0.8505881,0.0,-0.18306598
0.8799999,0.847476,0.0,-0.18306598
0.8799999,0.8445469,0.0,-0.18306598
0.8799999,0.8416179,0.0,-0.18306598
0.8799999,0.8383227,0.0,-0.18306598
0.8799999,0.8353936,0.0,-0.18306598
0.8799999,0.8323061,0.0,-0.17745773
0.8799999,0.8292893,0.0,-0.17745773
0.8799999,0.82645,0.0,-0.17745773
0.8699999,0.82254595,0.0,-0.17745773
0.8699999,0.8197066,0.0,-0.17745773
0.8699999,0.8173997,0.0,-0.17745773
0.8699999,0.81456035,0.0,-0.17745773
0.8699999,0.8122967,0.0,-0.11619892
0.8699999,0.81032133,0.0,-0.11619892
0.8699999,0.808346,0.0,-0.11619892
0.8699999,0.80637056,0.0,-0.11619892
0.8699999,0.80451137,0.0,-0.11619892
0.8699999,0.802536,0.0,-0.11619892
0.8699999,0.8005606,0.0,-0.11619892
0.8699999,0.7991657,0.0,-0.086068675
0.8699999,0.79770255,0.0,-0.086068675
0.8699999,0.7962394,0.0,-0.086068675
0.8699999,0.7947762,0.0,-0.086068675
0.8699999,0.793313,0.0,-0.086068675
0.8699999,0.7919359,0.0,-0.086068675
0.8699999,0.790701,0.0,-0.05391114
0.8699999,0.7897845,0.0,-0.05391114
0.8699999,0.7889219,0.0,-0.05391114
0.8699999,0.7879515,0.0,-0.05391114
0.8699999,0.78708893,0.0,-0.05391114
0.8699999,0.78617245,0.0,-0.05391114
0.8699999,0.78525597,0.0,-0.05391114
0.8699999,0.7845032,0.0,-0.03958417
0.8699999,0.7838699,0.0,-0.03958417
0.8599999,0.78323656,0.0,-0.03958417
0.8599999,0.7825636,0.0,-0.03958417
0.8499999,0.7818907,0.0,-0.03958417
0.8399999,0.78121775,0.0,-0.03958417
0.8299999,0.7805844,0.0,-0.03958417
0.8299999,0.77989656,0.0,-0.040490143
0.81999993,0.7792487,0.0,-0.040490143
0.80999994,0.7785199,0.0,-0.040490143
0.80999994,0.77791256,0.0,-0.040490143
0.79999995,0.77722424,0.0,-0.040490143
0.79999995,0.7765359,0.0,-0.040490143
0.79999995,0.77567613,0.0,-0.04640449
0.79999995,0.7748872,0.0,-0.04640449
0.79999995,0.77409834,0.0,-0.04640449
0.79999995,0.7732631,0.0,-0.04640449
0.79999995,0.7726134,0.0,-0.04640449
0.79999995,0.77173173,0.0,-0.04640449
0.79999995,0.77117485,0.0,-0.04640449
0.79999995,0.7703665,0.0,-0.048104197
0.78999996,0.7695968,0.0,-0.048104197
0.78999996,0.76863474,0.0,-0.048104197
0.78999996,0.76781696,0.0,-0.048104197
0.78999996,0.76704735,0.0,-0.048104197
0.78999996,0.76618147,0.0,-0.048104197
0.78999996,0.76542145,0.0,-0.06362123
0.78999996,0.7643399,0.0,-0.06362123
0.78999996,0.76351285,0.0,-0.06362123
0.78999996,0.76249486,0.0,-0.06362123
0.78999996,0.7613497,0.0,-0.06362123
0.78999996,0.76026815,0.0,-0.06362123
0.78999996,0.7592502,0.0,-0.06362123
0.78999996,0.75772953,0.0,-0.121506415
0.78999996,0.75590694,0.0,-0.121506415
0.78999996,0.7539628,0.0,-0.121506415
0.78999996,0.7516542,0.0,-0.121506415
0.78999996,0.7497101,0.0,-0.121506415
0.78999996,0.74703693,0.0,-0.121506415
0.78999996,0.74521434,0.0,-0.121506415
0.78999996,0.7429394,0.0,-0.18198225
0.78999996,0.7398457,0.0,-0.18198225
0.78999996,0.73675203,0.0,-0.18198225
0.78999996,0.7336583,0.0,-0.18198225
0.78999996,0.7307466,0.0,-0.18198225
0.78999996,0.7276529,0.0,-0.18198225
0.78999996,0.7245378,0.0,-0.19615348
0.78999996,0.7212032,0.0,-0.19615348
0.78,0.7180647,0.0,-0.19615348
0.77,0.7149263,0.0,-0.19615348
0.77,0.7115917,0.0,-0.19615348
0.76,0.70845324,0.0,-0.19615348
0.75,0.70511866,0.0,-0.19615348
0.75,0.7019823,0.0,-0.16574076
0.74,0.69933045,0.0,-0.16574076
0.73,0.6965129,0.0,-0.16574076
0.73,0.6936953,0.0,-0.16574076
0.72,0.69104344,0.0,-0.16574076
0.71000004,0.68822587,0.0,-0.16574076
0.7,0.68540823,0.0,-0.16574076
0.7,0.6824579,0.0,-0.19162574
0.69,0.6792003,0.0,-0.19162574
0.68,0.6761342,0.0,-0.19162574
0.68,0.67268497,0.0,-0.19162574
0.66999996,0.66961896,0.0,-0.19162574
0.65999997,0.6661697,0.0,-0.19162574
0.65999997,0.6630354,0.0,-0.23590198
0.65,0.6590251,0.0,-0.23590198
0.64,0.6552506,0.0,-0.23590198
0.64,0.6512403,0.0,-0.23590198
0.63,0.6474659,0.0,-0.23590198
0.61999995,0.6434555,0.0,-0.23590198
0.60999995,0.6396811,0.0,-0.23590198
0.60999995,0.63543147,0.0,-0.27241004
0.59999996,0.63134533,0.0,-0.27241004
0.59,0.62644196,0.0,-0.27241004
0.59,0.62208337,0.0,-0.27241004
0.58,0.61718,0.0,-0.27241004
0.57,0.61254907,0.0,-0.27241004
0.57,0.6081905,0.0,-0.27241004
0.56,0.6036249,0.0,-0.26720616
0.56,0.5993496,0.0,-0.26720616
0.56,0.5945399,0.0,-0.26720616
0.56,0.5902646,0.0,-0.26720616
0.56,0.5859893,0.0,-0.26720616
0.56,0.5811796,0.0,-0.26720616
0.56,0.5769743,0.0,-0.222822
0.56,0.57340914,0.0,-0.222822
0.56,0.56939834,0.0,-0.222822
0.56,0.56561035,0.0,-0.222822
0.56,0.562268,0.0,-0.222822
0.56,0.55848,0.0,-0.222822
0.56,0.5546921,0.0,-0.222822
0.56,0.55138856,0.0,-0.18310411
0.54999995,0.5482758,0.0,-0.18310411
0.54999995,0.54552925,0.0,-0.18310411
0.54999995,0.5422334,0.0,-0.18310411
0.54999995,0.5391206,0.0,-0.18310411
0.54999995,0.5352754,0.0,-0.18310411
0.54999995,0.5330782,0.0,-0.18310411
0.54999995,0.5305162,0.0,-0.12913658
0.54999995,0.52845,0.0,-0.12913658
0.54999995,0.5262547,0.0,-0.12913658
0.54999995,0.5241885,0.0,-0.12913658
0.54999995,0.5221223,0.0,-0.12913658
0.54999995,0.519927,0.0,-0.12913658
0.54999995,0.5178189,0.0,-0.07494565
0.54999995,0.5165449,0.0,-0.07494565
0.54999995,0.51527077,0.0,-0.07494565
0.54999995,0.51407164,0.0,-0.07494565
0.54999995,0.5128725,0.0,-0.07494565
0.54999995,0.51159847,0.0,-0.07494565
0.54999995,0.51032436,0.0,-0.07494565
0.54999995,0.50948715,0.0,-0.020289646
0.54999995,0.50916255,0.0,-0.020289646
0.54999995,0.5087973,0.0,-0.020289646
0.54999995,0.5084727,0.0,-0.020289646
0.54999995,0.508148,0.0,-0.020289646
0.54999995,0.5077828,0.0,-0.020289646
0.54999995,0.5074582,0.0,-0.020289646
0.54999995,0.50743496,0.0,0.0056184395
0.54999995,0.50753605,0.0,0.0056184395
0.54999995,0.5076316,0.0,0.0056184395
0.54999995,0.5077215,0.0,0.0056184395
0.54999995,0.507817,0.0,0.0056184395
0.54999995,0.5079125,0.0,0.0056184395
0.54999995,0.5081457,0.0,0.057689164
0.54999995,0.5090687,0.0,0.057689164
0.54999995,0.5099917,0.0,0.057689164
0.54999995,0.51103014,0.0,0.057689164
0.54999995,0.5119532,0.0,0.057689164
0.54999995,0.51293385,0.0,0.057689164
0.54999995,0.5138569,0.0,0.057689164
0.54999995,0.5154101,0.0,0.13247746
0.54999995,0.5176622,0.0,0.13247746
0.54999995,0.5197819,0.0,0.13247746
0.54999995,0.522034,0.0,0.13247746
0.54999995,0.5242861,0.0,0.13247746
0.56,0.52640575,0.0,0.13247746
0.56,0.5285254,0.0,0.13247746
0.56,0.5309929,0.0,0.13854755
0.56,0.53334826,0.0,0.13854755
0.56,0.535565,0.0,0.13854755
0.56,0.5380589,0.0,0.13854755
0.56,0.54027563,0.0,0.13854755
0.56,0.5424924,0.0,0.13854755
0.56,0.5447442,0.0,0.099888146
0.56,0.5463424,0.0,0.099888146
0.56,0.5480405,0.0,0.099888146
0.56,0.5497386,0.0,0.099888146
0.56,0.5513368,0.0,0.099888146
0.56,0.5530349,0.0,0.099888146
0.56,0.5546331,0.0,0.099888146
0.56,0.5566993,0.0,0.13075627
0.56,0.5587914,0.0,0.13075627
0.56,0.561145,0.0,0.13075627
0.56,0.56323713,0.0,0.13075627
0.56,0.5653292,0.0,0.13075627
0.56,0.5675521,0.0,0.13075627
0.56,0.5700364,0.0,0.13075627
0.56,0.5729945,0.0,0.16490674
0.56,0.5751383,0.0,0.16490674
0.56,0.5779417,0.0,0.16490674
0.56,0.5807451,0.0,0.16490674
0.56,0.58354855,0.0,0.16490674
0.57,0.58602214,0.0,0.16490674
0.58,0.5889171,0.0,0.19867699
0.58,0.5922946,0.0,0.19867699
0.59,0.59567213,0.0,0.19867699
0.59999996,0.5990496,0.0,0.19867699
0.60999995,0.60222846,0.0,0.19867699
0.60999995,0.60560596,0.0,0.19867699
0.61999995,0.6087848,0.0,0.19867699
0.63,0.61271536,0.0,0.2620893
0.63,0.61821926,0.0,0.2620893
0.64,0.62267476,0.0,0.2620893
0.65,0.6268682,0.0,0.2620893
0.65,0.63027537,0.0,0.2620893
0.65999997,0.6355171,0.0,0.2620893
0.66999996,0.63975483,0.0,0.32241586
0.66999996,0.6455583,0.0,0.32241586
0.68,0.6494273,0.0,0.32241586
0.69,0.65490836,0.0,0.32241586
0.69,0.6603894,0.0,0.32241586
0.7,0.66683775,0.0,0.32241586
0.71000004,0.6723188,0.0,0.32241586
0.72,0.67791873,0.0,0.38783988
0.72,0.6883904,0.0,0.38783988
0.73,0.69265664,0.0,0.38783988
0.74,0.69924986,0.0,0.38783988
0.74,0.7054553,0.0,0.38783988
0.75,0.7101094,0.0,0.38783988
0.76,0.7167027,0.0,0.38783988
0.77,0.72348905,0.0,0.40297833
0.77,0.7303397,0.0,0.40297833
0.78,0.7371903,0.0,0.40297833
0.78999996,0.743638,0.0,0.40297833
0.78999996,0.7500856,0.0,0.40297833
0.79999995,0.75693625,0.0,0.40297833
0.80999994,0.76369244,0.0,0.34951884
0.80999994,0.7692847,0.0,0.34951884
0.81999993,0.77522653,0.0,0.34951884
0.8299999,0.7808188,0.0,0.34951884
0.8299999,0.7871102,0.0,0.34951884
0.8399999,0.7927025,0.0,0.34951884
0.8499999,0.7982948,0.0,0.34951884
0.8499999,0.80363905,0.0,0.26135787
0.8599999,0.80834347,0.0,0.26135787
0.8699999,0.8125252,0.0,0.26135787
0.8799999,0.81670696,0.0,0.26135787
0.8799999,0.82115,0.0,0.26135787
0.88999987,0.8255931,0.0,0.26135787
0.89999986,0.8297748,0.0,0.26135787
0.89999986,0.833306,0.0,0.19005708
0.90999985,0.836537,0.0,0.19005708
0.91999984,0.8395779,0.0,0.19005708
0.91999984,0.8428089,0.0,0.19005708
0.9299998,0.8458498,0.0,0.19005708
0.9399998,0.8492708,0.0,0.19005708
0.9399998,0.85291445,0.0,0.16290198
0.9499998,0.8556838,0.0,0.16290198
0.9599998,0.8578015,-0.19999623,0.16290198
0.9699998,0.86040795,-0.39999604,0.16290198
0.9699998,0.86301434,-0.39999604,0.16290198
0.9799998,0.8657837,-0.59999585,0.16290198
0.9899998,0.86855304,-0.79999566,0.16290198
0.9899998,0.87125313,-0.79999566,0.17665541
0.99999976,0.8744329,-0.99999547,0.17665541
0.99999976,0.87725943,-0.99999547,0.17665541
0.99999976,0.8800859,-0.99999547,0.17665541
0.99999976,0.88326573,-0.99999547,0.17665541
0.99999976,0.8860922,-0.99999547,0.17665541
0.99999976,0.8889187,-0.99999547,0.17665541
0.99999976,0.8917881,-0.99999547,0.16622731
0.99999976,0.894614,-0.99999547,0.16622731
0.99999976,0.89743984,-0.99999547,0.16622731
0.99999976,0.90009946,-0.99999547,0.16622731
0.99999976,0.9029253,-0.99999547,0.16622731
0.99999976,0.90575117,-0.99999547,0.16622731
0.99999976,0.9083375,-0.99999547,0.12622961
0.9899998,0.91048336,-0.79999566,0.12622961
0.9899998,0.9126293,-0.79999566,0.12622961
0.9899