0.5,0.49637282,-0.018135905,0.016881553
0.5,0.49639305,0.0,0.0016881556
0.5,0.49642038,0.0,0.0017069129
0.5,0.4964497,0.0,0.0017256703
0.5,0.49647763,0.0,0.0017444276
0.5,0.49650583,0.0,0.0017631848
0.5,0.49653614,0.0,0.0017819422
0.5,0.49656674,0.0,0.0018006995
0.5,0.49659586,0.0,0.0018194568
0.5,0.4966271,0.0,0.0018382142
0.5,0.49665865,0.0,0.0018569715
0.5,0.49668866,0.0,0.0018757287
0.5,0.4967228,0.0,0.0018944861
0.5,0.4967534,0.0,0.0019132434
0.5,0.4967843,0.0,0.0019320007
0.5,0.49681747,0.0,0.0019507582
0.5,0.496847,0.0,0.0019695153
0.5,0.4968828,0.0,0.0019882726
0.5,0.49691692,0.0,0.0020070302
0.5,0.49695134,0.0,0.0020257873
0.5,0.496982,0.0,0.0020445446
0.5,0.49701917,0.0,0.002063302
0.5,0.4970504,0.0,0.0020820594
0.5,0.4970903,0.0,0.0021008167
0.5,0.49712846,0.0,0.002119574
0.5,0.49716052,0.0,0.0021383313
0.5,0.49718642,0.0,0.0021570886
0.5,0.497243,0.0,0.002175846
0.5,0.4972715,0.0,0.0021946032
0.5,0.49730915,0.0,0.0022133605
0.5,0.49734262,0.0,0.002232118
0.5,0.49738088,0.0,0.002250875
0.5,0.4974172,0.0,0.0022696324
0.5,0.4974561,0.0,0.00228839
0.5,0.49749303,0.0,0.0023071473
0.5,0.4975349,0.0,0.0023259046
0.5,0.49756303,0.0,0.0023446619
0.5,0.49761266,0.0,0.0023634192
0.5,0.49765077,0.0,0.0023821765
0.5,0.4976892,0.0,0.0024009338
0.5,0.4977303,0.0,0.002419691
0.5,0.49777725,0.0,0.003146749
0.5,0.49783117,0.0,0.0031709545
0.5,0.49788547,0.0,0.0031951605
0.5,0.4979402,0.0,0.003219366
0.5,0.49798885,0.0,0.0032677779
0.5,0.49804115,0.0,0.0032677779
0.5,0.4981037,0.0,0.0032919834
0.5,0.49816006,0.0,0.0033161894
0.5,0.49821353,0.0,0.003340395
0.5,0.49827072,0.0,0.003364601
0.5,0.49832493,0.0,0.0033888067
0.5,0.49838638,0.0,0.0034130125
0.5,0.49843794,0.0,0.0034372183
0.5,0.49850023,0.0,0.0034614243
0.5,0.4985595,0.0,0.0034856298
0.5,0.49861565,0.0,0.0035098358
0.5,0.4986722,0.0,0.0035340413
0.5,0.4987327,0.0,0.0035582474
0.5,0.49879,0.0,0.0035824531
0.5,0.4988513,0.0,0.003606659
0.5,0.4989094,0.0,0.0036308647
0.5,0.4989752,0.0,0.0036550702
0.5,0.49903408,0.0,0.0036792762
0.5,0.49909332,0.0,0.003703482
0.5,0.49915668,0.0,0.0037276878
0.5,0.4992205,0.0,0.0037518935
0.5,0.49928468,0.0,0.0037760995
0.5,0.49934548,0.0,0.003800305
0.5,0.49941048,0.0,0.003824511
0.5,0.49947208,0.0,0.0038487166
0.5,0.4995418,0.0,0.0038729226
0.5,0.49960023,0.0,0.0038971284
0.5,0.49967474,0.0,0.003921334
0.5,0.4997379,0.0,0.0039455397
0.5,0.49980536,0.0,0.0039697457
0.5,0.49986526,0.0,0.0039939512
0.5,0.49993357,0.0,0.0040181573
0.5,0.5000063,0.0,0.0040423633
0.5,0.50006735,0.0,0.004066569
0.5,0.5001369,0.0,0.004090775
0.5,0.50024974,0.0,0.008995918
0.5,0.5004027,0.0,0.008995918
0.5,0.5005746,0.0,0.009048525
0.5,0.5007202,0.0,0.009101133
0.5,0.50085753,0.0,0.009153741
0.5,0.501014,0.0,0.009206349
0.5,0.5011714,0.0,0.009258957
0.5,0.5013297,0.0,0.009311564
0.5,0.50147957,0.0,0.009364172
0.5,0.5016396,0.0,0.0094167795
0.5,0.5018006,0.0,0.009469387
0.5,0.5019434,0.0,0.009521996
0.5,0.5021158,0.0,0.009574603
0.5,0.50227946,0.0,0.009627211
0.5,0.5024343,0.0,0.0096798185
0.5,0.5026095,0.0,0.009732427
0.5,0.5027563,0.0,0.009785035
0.5,0.5029235,0.0,0.009837641
0.5,0.5031015,0.0,0.00989025
0.5,0.50325066,0.0,0.009942858
0.5,0.50341064,0.0,0.010048073
0.5,0.5035814,0.0,0.010048073
0.5,0.50374305,0.0,0.010100681
0.5,0.50393593,0.0,0.010153289
0.5,0.50409925,0.0,0.010205896
0.5,0.5042634,0.0,0.010258504
0.5,0.5044387,0.0,0.010311112
0.5,0.50461483,0.0,0.010363719
0.5,0.5047815,0.0,0.010416327
0.5,0.50495946,0.0,0.010468936
0.5,0.50512785,0.0,0.010521543
0.5,0.5053076,0.0,0.01057415
0.5,0.5055371,0.0,0.018631654
0.5,0.50583667,0.0,0.01872389
0.5,0.5061565,0.0,0.018816125
0.5,0.50647795,0.0,0.018908361
0.5,0.506782,0.0,0.019000597
0.5,0.50714475,0.0,0.019092834
0.5,0.5074325,0.0,0.019185068
0.5,0.507741,0.0,0.019277304
0.5,0.50807023,0.0,0.01936954
0.5,0.5083816,0.0,0.019461777
0.5,0.508714,0.0,0.019554013
0.5,0.50904804,0.0,0.01964625
0.5,0.50938356,0.0,0.019738486
0.5,0.5097207,0.0,0.01983072
0.5,0.5100594,0.0,0.019922957
0.5,0.51039964,0.0,0.020015193
0.5,0.5107013,0.0,0.02010743
0.5,0.5110447,0.0,0.020199664
0.5,0.51140994,0.0,0.0202919
0.5,0.51169527,0.0,0.020384137
0.5,0.51206386,0.0,0.020476373
0.5,0.5124341,0.0,0.020568607
0.5,0.5127853,0.0,0.020660846
0.5,0.5131174,0.0,0.020753082
0.5,0.5134509,0.0,0.020845318
0.5,0.5138068,0.0,0.020937555
0.5,0.51414335,0.0,0.021029789
0.5,0.5145235,0.0,0.021122025
0.5,0.5148293,0.0,0.017907767
0.5,0.51515305,0.0,0.017985627
0.5,0.5154421,0.0,0.018063486
0.5,0.5157323,0.0,0.018141346
0.5,0.51604205,0.0,0.018219206
0.5,0.5163165,0.0,0.018297067
0.5,0.51662886,0.0,0.018374927
0.5,0.51692414,0.0,0.018452786
0.5,0.51723915,0.0,0.018530646
0.5,0.5175555,0.0,0.018608505
0.5,0.51787317,0.0,0.018686365
0.5,0.5181922,0.0,0.018764226
0.5,0.5185313,0.0,0.018842086
0.5,0.5188151,0.0,0.018919947
0.5,0.5191191,0.0,0.018997805
0.5,0.5194624,0.0,0.019075666
0.5,0.5197689,0.0,0.019153524
0.5,0.5200766,0.0,0.019231385
0.5,0.52044344,0.0,0.019309245
0.5,0.5207537,0.0,0.019387105
0.5,0.5210651,0.0,0.019464966
0.5,0.5213973,0.0,0.019542824
0.5,0.5217309,0.0,0.019620683
0.5,0.522046,0.0,0.019698542
0.5,0.52240205,0.0,0.0197764
0.5,0.5224891,0.0,0.0038846117
0.5,0.5225515,0.0,0.003899845
0.5,0.52261806,0.0,0.0039150785
0.5,0.5226849,0.0,0.003930312
0.5,0.52274406,0.0,0.0039455458
0.5,0.52281135,0.0,0.0039607794
0.5,0.52287894,0.0,0.0039760126
0.5,0.52294683,0.0,0.003991246
0.5,0.5230189,0.0,0.00400648
0.5,0.52308327,0.0,0.0040217135
0.5,0.5231479,0.0,0.004036947
0.5,0.5232167,0.0,0.004052181
0.5,0.5232859,0.0,0.004067414
0.5,0.5233553,0.0,0.0040826476
0.5,0.52343315,0.0,0.0040978813
0.5,0.5234825,0.0,0.004113115
0.5,0.5235527,0.0,0.004128348
0.5,0.52362317,0.0,0.004143582
0.5,0.523698,0.0,0.004158816
0.5,0.5237606,0.0,0.004174049
0.5,0.5238402,0.0,0.0041892827
0.5,0.52390325,0.0,0.0042045163
0.5,0.52397937,0.0,0.005210214
0.5,0.5240683,0.0,0.005229023
0.5,0.5241522,0.0,0.0052478323
0.5,0.52424705,0.0,0.0052666413
0.5,0.5243263,0.0,0.0052854507
0.5,0.5244165,0.0,0.0053042597
0.5,0.524507,0.0,0.005323069
0.5,0.5245978,0.0,0.005341878
0.5,0.5246836,0.0,0.0053606876
0.5,0.52476966,0.0,0.0053794966
0.5,0.52487224,0.0,0.005398306
0.5,0.5249535,0.0,0.005417115
0.5,0.5250459,0.0,0.0054359245
0.5,0.5251222,0.0,0.0054547335
0.5,0.52522624,0.0,0.005473543
0.5,0.52531415,0.0,0.005492352
0.5,0.52541333,0.0,0.0055111614
0.5,0.5255018,0.0,0.00552997
0.5,0.5255906,0.0,0.005548779
0.5,0.5256964,0.0,0.0055675884
0.5,0.52578574,0.0,0.0055863974
0.5,0.5260013,0.0,0.021015484
0.5,0.52635974,0.0,0.021086007
0.5,0.52667713,0.0,0.021156527
0.5,0.5270592,0.0,0.021227049
0.5,0.52739996,0.0,0.021297568
0.5,0.52774185,0.0,0.02136809
0.5,0.52812773,0.0,0.02143861
0.5,0.5284934,0.0,0.021509131
0.5,0.5288171,0.0,0.021579651
0.5,0.5291851,0.0,0.021650175
0.5,0.5295761,0.0,0.021720694
0.5,0.529903,0.0,0.021791216
0.5,0.53025275,0.0,0.021861736
0.5,0.53062564,0.0,0.021932257
0.5,0.53099966,0.0,0.022002777
0.5,0.5313528,0.0,0.022073299
0.5,0.5317293,0.0,0.022143818
0.5,0.5320847,0.0,0.022214342
0.5,0.53246355,0.0,0.022284862
0.5,0.5328436,0.0,0.022355383
0.5,0.5332727,0.0,0.025623864
0.5,0.53373533,0.0,0.02570444
0.5,0.5341479,0.0,0.025785018
0.5,0.5345876,0.0,0.025865596
0.5,0.53500277,0.0,0.025946172
0.5,0.53549725,0.0,0.02602675
0.5,0.53586274,0.0,0.026107328
0.5,0.5362294,0.0,0.026187906
0.5,0.5367548,0.0,0.026268482
0.5,0.5372027,0.0,0.02634906
0.5,0.53757274,0.0,0.026429638
0.5,0.5381029,0.0,0.026510213
0.5,0.5385284,0.0,0.02659079
0.5,0.5388751,0.0,0.026671369
0.5,0.5393834,0.0,0.026751945
0.5,0.5398932,0.0,0.026832523
0.5,0.5402969,0.0,0.0269131
0.5,0.5407558,0.0,0.026993677
0.5,0.5409653,0.0,0.003037312
0.5,0.54102623,0.0,0.0030463517
0.5,0.5410782,0.0,0.0030553911
0.5,0.54112417,0.0,0.0030644308
0.5,0.5411795,0.0,0.0030734702
0.5,0.5412288,0.0,0.003091549
0.5,0.54128754,0.0,0.003091549
0.5,0.54133713,0.0,0.0031005887
0.5,0.5413869,0.0,0.0031096283
0.5,0.5414399,0.0,0.0031186678
0.5,0.54149306,0.0,0.0031277074
0.5,0.5415464,0.0,0.0031367468
0.5,0.5415936,0.0,0.0031457865
0.5,0.54164726,0.0,0.003154826
0.5,0.541701,0.0,0.0031638655
0.5,0.5417518,0.0,0.0031729052
0.5,0.54181224,0.0,0.0031819444
0.5,0.5418177,0.0,-0.012127044
0.5,0.5416232,0.0,-0.012161397
0.5,0.54141587,0.0,-0.012195752
0.5,0.5412202,0.0,-0.012230106
0.5,0.5410117,0.0,-0.012264458
0.5,0.5408149,0.0,-0.012298813
0.5,0.5405929,0.0,-0.012333167
0.5,0.540395,0.0,-0.012367521
0.5,0.5401842,0.0,-0.012401874
0.5,0.5399728,0.0,-0.012436229
0.5,0.5397483,0.0,-0.0124705825
0.5,0.5395732,0.0,-0.012504937
0.5,0.53938514,0.0,-0.012539291
0.5,0.53914624,0.0,-0.012573644
0.5,0.5389319,0.0,-0.012607998
0.5,0.53870434,0.0,-0.012642352
0.5,0.5385015,0.0,-0.012676707
0.5,0.538223,0.0,-0.023337388
0.5,0.5378252,0.0,-0.023400461
0.5,0.53742635,0.0,-0.023463536
0.5,0.53700286,0.0,-0.023526609
0.5,0.53664905,0.0,-0.023589682
0.5,0.53624696,0.0,-0.023652755
0.5,0.5358438,0.0,-0.02371583
0.5,0.53543955,0.0,-0.023778902
0.5,0.53503424,0.0,-0.023841977
0.5,0.53465176,0.0,-0.02390505
0.5,0.53422034,0.0,-0.023968121
0.5,0.53385985,0.0,-0.024031196
0.5,0.53342617,0.0,-0.024094269
0.5,0.53306377,0.0,-0.024157343
0.5,0.532652,0.0,-0.024220416
0.5,0.53221494,0.0,-0.024283491
0.5,0.5315331,0.0,-0.0494878
0.5,0.53068966,0.0,-0.049616005
0.5,0.529844,0.0,-0.04974421
0.5,0.5290959,0.0,-0.049872417
0.5,0.5282459,0.0,-0.050000623
0.5,0.5273436,0.0,-0.05012883
0.5,0.52653944,0.0,-0.050257035
0.5,0.52558213,0.0,-0.05038524
0.5,0.524875,0.0,-0.050513443
0.5,0.5239128,0.0,-0.05064165
0.5,0.5231512,0.0,-0.050769854
0.5,0.52238774,0.0,-0.05089806
0.5,0.52136725,0.0,-0.051026266
0.5,0.52065104,0.0,-0.051154472
0.5,0.5199331,0.0,-0.051282678
0.5,0.518972,0.0,-0.04897892
0.5,0.51808816,0.0,-0.04910106
0.5,0.5173006,0.0,-0.0492232
0.5,0.51646173,0.0,-0.04934534
0.5,0.5155713,0.0,-0.04946748
0.5,0.514877,0.0,-0.04958962
0.5,0.51403195,0.0,-0.049711764
0.5,0.51313496,0.0,-0.049833905
0.5,0.51233566,0.0,-0.049956046
0.5,0.5114843,0.0,-0.050078187
0.5,0.5106309,0.0,-0.050200325
0.5,0.50977546,0.0,-0.05032247
0.5,0.5089683,0.0,-0.050444607
0.5,0.5081087,0.0,-0.05056675
0.5,0.50729764,0.0,-0.05068889
0.5,0.50652075,0.0,-0.043911085
0.5,0.5057284,0.0,-0.044016637
0.5,0.50511074,0.0,-0.044122193
0.5,0.5043146,0.0,-0.04422775
0.5,0.50356096,0.0,-0.0443333
0.5,0.5028055,0.0,-0.044438858
0.5,0.5021373,0.0,-0.044544414
0.5,0.50128895,0.0,-0.044649966
0.5,0.5007519,0.0,-0.044755522
0.5,0.49985468,0.0,-0.04486108
0.5,0.49909025,0.0,-0.044966627
0.5,0.4985043,0.0,-0.045072183
0.5,0.49760076,0.0,-0.04517774
0.5,0.49687624,0.0,-0.04528329
0.5,0.49618074,0.0,-0.03702851
0.5,0.4955498,0.0,-0.03711462
0.5,0.4949546,0.0,-0.037200734
0.5,0.494358,0.0,-0.037286848
0.5,0.49368528,0.0,-0.037372958
0.5,0.49308592,0.0,-0.03745907
0.5,0.49244767,0.0,-0.037545186
0.5,0.49180794,0.0,-0.037631296
0.5,0.49120444,0.0,-0.037717406
0.5,0.490524,0.0,-0.03780352
0.5,0.49003142,0.0,-0.03788963
0.5,0.48930988,0.0,-0.037975743
0.5,0.48866284,0.0,-0.038061857
0.5,0.48805246,0.0,-0.038147967
0.5,0.4877541,0.0,-0.011561737
0.5,0.48755714,0.0,-0.011587777
0.5,0.4873713,0.0,-0.011613817
0.5,0.48718506,0.0,-0.011639857
0.5,0.48697507,0.0,-0.0116658965
0.5,0.486788,0.0,-0.011691936
0.5,0.4865771,0.0,-0.011717976
0.5,0.48637745,0.0,-0.011744016
0.5,0.48618913,0.0,-0.011770056
0.5,0.4860004,0.0,-0.011796095
0.5,0.4857994,0.0,-0.011822135
0.5,0.485598,0.0,-0.011848175
0.5,0.48539612,0.0,-0.011874215
0.5,0.48540333,0.0,0.012388653
0.5,0.4856144,0.0,0.012415761
0.5,0.48578858,0.0,0.01244287
0.5,0.4860255,0.0,0.012469978
0.5,0.48626298,0.0,0.012497087
0.5,0.4864258,0.0,0.012524195
0.5,0.48665172,0.0,0.012551304
0.5,0.48685297,0.0,0.012578412
0.5,0.48706725,0.0,0.012605521
0.5,0.48729464,0.0,0.012632629
0.5,0.48748454,0.0,0.012659738
0.5,0.48770022,0.0,0.012686846
0.5,0.48791635,0.0,0.012713955
0.5,0.48820442,0.0,0.022786194
0.5,0.4885926,0.0,0.022834677
0.5,0.4889816,0.0,0.022883156
0.5,0.4894173,0.0,0.022931637
0.5,0.48969308,0.0,0.022980118
0.5,0.4901306,0.0,0.0230286
0.5,0.49049985,0.0,0.023077078
0.5,0.4909161,0.0,0.023125561
0.5,0.4912869,0.0,0.023174042
0.5,0.4917049,0.0,0.023222523
0.5,0.4921005,0.0,0.023271004
0.5,0.49249694,0.0,0.023319483
0.5,0.4929361,0.0,0.031104185
0.5,0.4934348,0.0,0.031168716
0.5,0.4939033,0.0,0.031233247
0.5,0.49452925,0.0,0.03129778
0.5,0.4948429,0.0,0.03136231
0.5,0.49550283,0.0,0.031426843
0.5,0.4960067,0.0,0.03149137
0.5,0.49638537,0.0,0.031555902
0.5,0.497081,0.0,0.03162043
0.5,0.49758798,0.0,0.031684965
0.5,0.49796897,0.0,0.031749494
0.5,0.49863708,0.0,0.031814028
0.5,0.499179,0.0,0.031878557
0.5,0.49998665,0.0,0.05717974
0.5,0.50073147,0.0,0.05729526
0.5,0.5019371,0.0,0.05741077
0.5,0.5028575,0.0,0.057526283
0.5,0.5038374,0.0,0.057641797
0.5,0.5047616,0.0,0.05775731
0.5,0.50562966,0.0,0.057872828
0.5,0.5067314,0.0,0.057988342
0.5,0.5076611,0.0,0.058103856
0.5,0.5086508,0.0,0.058219373
0.5,0.5096425,0.0,0.058334883
0.5,0.51057774,0.0,0.058450397
0.5,0.51188505,0.0,0.0843864
0.5,0.513407,0.0,0.08455285
0.5,0.5146778,0.0,0.084719285
0.5,0.51612085,0.0,0.08488573
0.5,0.51756674,0.0,0.08505218
0.5,0.5190155,0.0,0.085218616
0.5,0.52046704,0.0,0.08538506
0.5,0.52183586,0.0,0.08555149
0.5,0.5232931,0.0,0.08571794
0.5,0.5246672,0.0,0.08588438
0.5,0.526044,0.0,0.08605082
0.5,0.5275097,0.0,0.08621726
0.5,0.52896774,0.0,0.09113186
0.5,0.53051996,0.0,0.091307454
0.5,0.53216666,0.0,0.09148304
0.5,0.53354156,0.0,0.09165862
0.5,0.5351027,0.0,0.09183422
0.5,0.5367589,0.0,0.092009805
0.5,0.5382339,0.0,0.0921854
0.5,0.53980404,0.0,0.09236099
0.5,0.5413771,0.0,0.09253658
0.5,0.5428605,0.0,0.09271217
0.5,0.54434675,0.0,0.09288776
0.5,0.5461031,0.0,0.101005144
0.5,0.5477223,0.0,0.10119572
0.5,0.54924303,0.0,0.10138629
0.5,0.55117303,0.0,0.101576865
0.5,0.5528013,0.0,0.10176744
0.5,0.55453455,0.0,0.10195802
0.5,0.55627114,0.0,0.102148585
0.5,0.5580109,0.0,0.10233916
0.5,0.5597539,0.0,0.10252974
0.5,0.56139743,0.0,0.10272031
0.5,0.5631469,0.0,0.10291089
0.5,0.5652044,0.0,0.14380257
0.5,0.5675095,0.0,0.14406838
0.5,0.56996316,0.0,0.14433418
0.5,0.5722768,0.0,0.14459999
0.5,0.57488436,0.0,0.1448658
0.5,0.5770613,0.0,0.1451316
0.5,0.5796785,0.0,0.14566323
0.5,0.5818634,0.0,0.14566323
0.5,0.5844901,0.0,0.14592902
0.5,0.58682925,0.0,0.14619483
0.5,0.5891726,0.0,0.14646064
0.5,0.59199023,0.0,0.17016782
0.5,0.59471786,0.0,0.1704761
0.5,0.5972796,0.0,0.17078437
0.5,0.60035926,0.0,0.17109263
0.5,0.6032731,0.0,0.1714009
0.5,0.6061922,0.0,0.1717092
0.5,0.6087724,0.0,0.17201746
0.5,0.6118743,0.0,0.17232573
0.5,0.61480904,0.0,0.172634
0.5,0.6175761,0.0,0.17294228
0.5,0.62052137,0.0,0.17325054
0.5,0.623439,0.0,0.18741894
0.5,0.62663084,0.0,0.18775183
0.5,0.62964016,0.0,0.18808472
0.5,0.63303167,0.0,0.18841761
0.5,0.6360517,0.0,0.1887505
0.5,0.63926613,0.0,0.1890834
0.5,0.6422968,0.0,0.18941629
0.5,0.64533275,0.0,0.18974918
0.5,0.64875424,0.0,0.19008207
0.5,0.6519913,0.0,0.19041497
0.5,0.65528744,0.0,0.21571147
0.5,0.6587448,0.0,0.21608794
0.5,0.66220826,0.0,0.2164644
0.5,0.66589457,0.0,0.21684086
0.5,0.66980445,0.0,0.21721731
0.5,0.6730684,0.0,0.21759377
0.5,0.6769918,0.0,0.21797024
0.5,0.6804854,0.0,0.2183467
0.5,0.683985,0.0,0.21872315
0.5,0.6874906,0.0,0.21909961
0.5,0.6916606,0.0,0.21947607
0.5,0.6951526,0.0,0.23702757
0.5,0.6994264,0.0,0.23743345
0.5,0.7032318,0.0,0.2378393
0.5,0.70704377,0.0,0.23824516
0.5,0.71086216,0.0,0.23865104
0.5,0.7146871,0.0,0.2390569
0.5,0.7187579,0.0,0.23946278
0.5,0.72307557,0.0,0.23986863
0.5,0.72691995,0.0,0.2402745
0.5,0.7307709,0.0,0.24068037
0.5,0.7349705,0.0,0.22464065
0.5,0.7385708,0.0,0.22501884
0.5,0.742628,0.0,0.225397
0.5,0.7462404,0.0,0.2257752
0.5,0.750085,0.0,0.22615337
0.5,0.7537095,0.0,0.22653155
0.5,0.75734,0.0,0.22690974
0.5,0.7614312,0.0,0.22728792
0.5,0.7648462,0.0,0.22766611
0.5,0.7684949,0.0,0.22804427
0.5,0.7725159,0.0,0.19118235
0.5,0.77557987,0.0,0.19149888
0.5,0.7790325,0.0,0.1918154
0.5,0.78210664,0.0,0.19213192
0.5,0.7849934,0.0,0.19244845
0.5,0.7884632,0.0,0.19276498
0.5,0.7915524,0.0,0.1930815
0.5,0.7950336,0.0,0.19339803
0.5,0.798133,0.0,0.19371456
0.5,0.8012375,0.0,0.19403107
0.5,0.80408776,0.0,0.15049745
0.5,0.80649966,0.0,0.15074256
0.5,0.8090665,0.0,0.15098765
0.5,0.8116374,0.0,0.15123278
0.5,0.81527287,0.0,0.15147789
0.5,0.8167901,0.0,0.15172298
0.5,0.8192216,0.0,0.1519681
0.5,0.82180923,0.0,0.1522132
0.5,0.82424855,0.0,0.15245831
0.5,0.8268445,0.0,0.15270343
0.5,0.8290439,0.0,0.12744007
0.5,0.8309586,0.0,0.1276443
0.5,0.8332599,0.0,0.12784852
0.5,0.83543676,0.0,0.12805276
0.5,0.8374889,0.0,0.12825698
0.5,0.83967274,0.0,0.12846121
0.5,0.8419887,0.0,0.12866545
0.5,0.84405065,0.0,0.12886967
0.5,0.8462449,0.0,0.1290739
0.5,0.84813786,0.0,0.1209701
0.5,0.8504399,0.0,0.12116121
0.5,0.8522602,0.0,0.121352315
0.5,0.85408336,0.0,0.121543415
0.5,0.85627455,0.0,0.12173452
0.5,0.8583473,0.0,0.12192563
0.5,0.8605454,0.0,0.12211674
0.5,0.86250234,0.0,0.12230784
0.5,0.8643398,0.0,0.122498944
0.5,0.86654824,0.0,0.12269005
0.5,0.86805874,0.0,0.09399944
0.5,0.86956507,0.0,0.09414562
0.5,0.8713566,0.0,0.094291806
0.5,0.87267876,0.0,0.094438
0.5,0.87438124,0.0,0.09458419
0.5,0.87599164,0.0,0.09473038
0.5,0.8774148,0.0,0.094876565
0.5,0.87912524,0.0,0.095022745
0.5,0.88093346,0.0,0.09516894
0.5,0.88208014,0.0,0.07863831
0.5,0.88341904,0.0,0.07875891
0.5,0.8848389,0.0,0.07887952
0.5,0.88610286,0.0,0.07900014
0.5,0.88728964,0.0,0.07912074
0.5,0.88863677,0.0,0.07924136
0.5,0.8899066,0.0,0.07936196
0.5,0.8911783,0.0,0.07948258
0.5,0.89261115,0.0,0.07960319
0.5,0.89366364,0.0,0.051526375
0.5,0.89454097,0.0,0.051604327
0.5,0.89541954,0.0,0.05168228
0.5,0.8962477,0.0,0.05176023
0.5,0.89712894,0.0,0.051838186
0.5,0.89811534,0.0,0.051916137
0.5,0.89889526,0.0,0.05199409
0.5,0.8998326,0.0,0.05207204
0.5,0.9005627,0.0,0.052149992
0.5,0.90117866,0.0,0.014731951
0.5,0.9014295,0.0,0.01475394
0.5,0.9016807,0.0,0.014775927
0.5,0.90191746,0.0,0.014797916
0.5,0.90215456,0.0,0.014819903
0.5,0.90243655,0.0,0.014841891
0.5,0.90264463,0.0,0.014863879
0.5,0.9029126,0.0,0.014885866
0.5,0.90318096,0.0,0.014907855
0.5,0.903234,0.0,-0.0019345254
0.5,0.90320295,0.0,-0.0019373746
0.5,0.9031661,0.0,-0.0019402237
0.5,0.903135,0.0,-0.0019430727
0.5,0.9031019,0.0,-0.0019459218
0.5,0.90307075,0.0,-0.001948771
0.5,0.9030317,0.0,-0.0019516199
0.5,0.90300244,0.0,-0.001954469
0.5,0.9029691,0.0,-0.001957318
0.5,0.9030754,0.0,0.007860762
0.5,0.9032092,0.0,0.0078721875
0.5,0.9033354,0.0,0.007883613
0.5,0.90346956,0.0,0.007895038
0.5,0.9035961,0.0,0.007906464
0.5,0.9037307,0.0,0.007917889
0.5,0.9038655,0.0,0.007929315
0.5,0.90400046,0.0,0.00794074
0.5,0.90415347,0.0,0.0130236475
0.5,0.9043752,0.0,0.01304236
0.5,0.9045972,0.0,0.013061072
0.5,0.9048065,0.0,0.013079784
0.5,0.9050292,0.0,0.013098495
0.5,0.90522593,0.0,0.013117208
0.5,0.9054361,0.0,0.013135919
0.5,0.90567285,0.0,0.013154632
0.5,0.90588367,0.0,0.013173344
0.5,0.9061776,0.0,0.02032637
0.5,0.90652364,0.0,0.020355204
0.5,0.9068498,0.0,0.020384036
0.5,0.9072172,0.0,0.020412868
0.5,0.9075443,0.0,0.0204417
0.5,0.90787184,0.0,0.02047053
0.5,0.9082203,0.0,0.020499362
0.5,0.9085693,0.0,0.020528194
0.5,0.9089635,0.0,0.0578875
0.5,0.90994895,0.0,0.057968687
0.5,0.9109939,0.0,0.058049876
0.5,0.91186583,0.0,0.058131065
0.5,0.91285545,0.0,0.05821225
0.5,0.91384643,0.0,0.05829344
0.5,0.9148388,0.0,0.05837463
0.5,0.9157741,0.0,0.058455817
0.5,0.9167692,0.0,0.058537003
0.5,0.9176443,0.0,0.05354876
0.5,0.91860956,0.0,0.053622928
0.5,0.919415,0.0,0.053697094
0.5,0.9204366,0.0,0.053771265
0.5,0.9212982,0.0,0.053845428
0.5,0.9221609,0.0,0.053919595
0.5,0.9230788,0.0,0.05399376
0.5,0.9239439,0.0,0.054067932
0.5,0.924691,0.0,0.034026504
0.5,0.9252362,0.0,0.034073118
0.5,0.92581624,0.0,0.03411973
0.5,0.9263629,0.0,0.03416634
0.5,0.9269787,0.0,0.03421295
0.5,0.9275269,0.0,0.03425956
0.5,0.92811006,0.0,0.034306176
0.5,0.928591,0.0,0.034352783
0.5,0.9292403,0.0,0.053411394
0.5,0.93030995,0.0,0.05348377
0.5,0.9311133,0.0,0.05355614
0.5,0.9320786,0.0,0.053628515
0.5,0.93299156,0.0,0.053700887
0.5,0.9338519,0.0,0.05377326
0.5,0.9347134,0.0,0.053845633
0.5,0.93563,0.0,0.053918008
0.5,0.93655884,0.0,0.07175714
0.5,0.9378522,0.0,0.071853325
0.5,0.9390034,0.0,0.07194952
0.5,0.9401561,0.0,0.072045706
0.5,0.9413825,0.0,0.07214189
0.5,0.94261056,0.0,0.07223809
0.5,0.9437679,0.0,0.072334275
0.5,0.9449268,0.0,0.07243046
0.5,0.9461765,0.0,0.059754718
0.5,0.9471937,0.0,0.059833962
0.5,0.9482122,0.0,0.059913214
0.5,0.9491721,0.0,0.059992466
0.5,0.9501933,0.0,0.060071718
0.5,0.9510956,0.0,0.060150966
0.5,0.95217973,0.0,0.060230214
0.5,0.9532653,0.0,0.060309466
0.5,0.9540326,0.0,0.042914905
0.5,0.954806,0.0,0.042971224
0.5,0.9554945,0.0,0.043027546
0.5,0.95627,0.0,0.04308386
0.5,0.95696026,0.0,0.04314018
0.5,0.957565,0.0,0.0431965
0.5,0.9584733,0.0,0.04325282
0.5,0.95912296,0.0,0.043309133
0.5,0.9597728,0.0,0.033594366
0.5,0.96031106,0.0,0.033637993
0.5,0.9608836,0.0,0.033681624
0.5,0.96145695,0.0,0.033725254
0.5,0.9619973,0.0,0.03376888
0.5,0.96257204,0.0,0.03381251
0.5,0.9631815,0.0,0.033856142
0.5,0.96365607,0.0,0.03389977
0.5,0.96408325,0.0,0.019486453
0.5,0.96441495,0.0,0.0195115
0.5,0.9647471,0.0,0.019536547
0.5,0.96506006,0.0,0.019561594
0.5,0.9653734,0.0,0.01958664
0.5,0.96572644,0.0,0.019611688
0.5,0.9660406,0.0,0.019636733
0.5,0.9663502,0.0,0.005687234
0.5,0.966447,0.0,0.0056944788
0.5,0.966544,0.0,0.005701724
0.5,0.966641,0.0,0.0057089687
0.5,0.96673244,0.0,0.0057162135
0.5,0.96682405,0.0,0.0057234587
0.5,0.96692145,0.0,0.005730703
0.5,0.967019,0.0,0.005737948
0.5,0.9672122,0.0,0.018322699
0.5,0.9675424,0.0,0.018345805
0.5,0.96781796,0.0,0.01836891
0.5,0.9681306,0.0,0.018392015
0.5,0.9684253,0.0,0.01841512
0.5,0.96875715,0.0,0.018438226
0.5,0.969071,0.0,0.018461332
0.5,0.9693927,0.0,0.032393184
0.5,0.96991163,0.0,0.032433674
0.5,0.9704637,0.0,0.032474164
0.5,0.97095144,0.0,0.032514658
0.5,0.97150487,0.0,0.032555148
0.5,0.972059,0.0,0.03259564
0.5,0.9726138,0.0,0.032636132
0.5,0.9731693,0.0,0.032676622
0.5,0.97340375,0.0,-0.0033346086
0.5,0.97334033,0.0,-0.0033387356
0.5,0.9732868,0.0,-0.0033428625
0.5,0.9732266,0.0,-0.0033469894
0.5,0.97317296,0.0,-0.0033511163
0.5,0.9731159,0.0,-0.0033552432
0.5,0.9730555,0.0,-0.0033593704
0.5,0.97301096,0.0,-2.5988894E-4
0.5,0.973007,0.0,-2.6020783E-4
0.5,0.9730024,0.0,-2.605267E-4
0.5,0.972999,0.0,-2.6084558E-4
0.5,0.9729935,0.0,-2.6116447E-4
0.5,0.9729893,0.0,-2.6148334E-4
0.5,0.9729859,0.0,-2.6180223E-4
0.5,0.9729807,0.0,-2.6212112E-4
0.5,0.97297347,0.0,-4.6061896E-4
0.5,0.9729656,0.0,-4.6117863E-4
0.5,0.9729582,0.0,-4.6173835E-4
0.5,0.97294986,0.0,-4.6229802E-4
0.5,0.9729434,0.0,-4.6285772E-4
0.5,0.9729346,0.0,-4.6341738E-4
0.5,0.97292715,0.0,-4.6397705E-4
0.5,0.9723962,0.0,-0.059379566
0.5,0.9715639,0.0,-0.05945111
0.5,0.97043294,0.0,-0.05952265
0.5,0.96947944,0.0,-0.059594195
0.5,0.9684651,0.0,-0.059665736
0.5,0.9673898,0.0,-0.059737273
0.5,0.96643287,0.0,-0.059808817
0.5,0.96518594,0.0,-0.09853459
0.5,0.96350884,0.0,-0.09865232
0.5,0.9620273,0.0,-0.09877004
0.5,0.96024734,0.0,-0.09888776
0.5,0.9586632,0.0,-0.09900548
0.5,0.95697814,0.0,-0.0991232
0.5,0.95529103,0.0,-0.09924093
0.5,0.9539994,0.0,-0.09935865
0.5,0.9515692,0.0,-0.121542
0.5,0.9496222,0.0,-0.12168583
0.5,0.9475511,0.0,-0.121829666
0.5,0.94547755,0.0,-0.12197351
0.5,0.9434016,0.0,-0.12211734
0.5,0.9413231,0.0,-0.122261174
0.5,0.9394913,0.0,-0.11832535
0.5,0.9373589,0.0,-0.118464395
0.5,0.9354612,0.0,-0.11860344
0.5,0.93332386,0.0,-0.11874248
0.5,0.93154067,0.0,-0.118881516
0.5,0.9295173,0.0,-0.11902057
0.5,0.9277299,0.0,-0.11915961
0.5,0.9255201,0.0,-0.09167724
0.5,0.9240516,0.0,-0.09178409
0.5,0.92248946,0.0,-0.091890946
0.5,0.9209255,0.0,-0.091997795
0.5,0.9193597,0.0,-0.092104636
0.5,0.9177921,0.0,-0.092211485
0.5,0.916315,0.0,-0.09231833
0.5,0.9148959,0.0,-0.06305439
0.5,0.9138227,0.0,-0.06312728
0.5,0.9127483,0.0,-0.063200176
0.5,0.91173595,0.0,-0.06327307
0.5,0.9106591,0.0,-0.06334597
0.5,0.90964437,0.0,-0.06341886
0.5,0.908565,0.0,-0.063491754
0.5,0.90746754,0.0,-0.06784997
0.5,0.90651655,0.0,-0.067927785
0.5,0.90515643,0.0,-0.06800559
0.5,0.90413517,0.0,-0.068083405
0.5,0.90297645,0.0,-0.06816121
0.5,0.90181637,0.0,-0.06823902
0.5,0.90072334,0.0,-0.06831683
0.5,0.89943886,0.0,-0.07630531
0.5,0.8982166,0.0,-0.07639212
0.5,0.8969929,0.0,-0.07647893
0.5,0.89561474,0.0,-0.076565735
0.5,0.8945416,0.0,-0.07665254
0.5,0.89300686,0.0,-0.076739356
0.5,0.89177763,0.0,-0.07682616
0.5,0.8905977,0.0,-0.064678125
0.5,0.88962644,0.0,-0.064751126
0.5,0.8884596,0.0,-0.06482413
0.5,0.88742125,0.0,-0.06489713
0.5,0.88638175,0.0,-0.06497012
0.5,0.885276,0.0,-0.06504312
0.5,0.88416904,0.0,-0.06511613
0.5,0.8834706,0.0,-0.03588103
0.5,0.88296765,0.0,-0.035921212
0.5,0.88235635,0.0,-0.03596139
0.5,0.8816003,0.0,-0.036001574
0.5,0.8810957,0.0,-0.03604175
0.5,0.8804823,0.0,-0.036081932
0.5,0.8799312,0.0,-0.009647281
0.5,0.87977666,0.0,-0.009658013
0.5,0.8796123,0.0,-0.009668743
0.5,0.87944794,0.0,-0.009668743
0.5,0.87929326,0.0,-0.009668743
0.5,0.8791289,0.0,-0.009668743
0.5,0.8789452,0.0,-0.009668743
0.5,0.8787612,0.0,-0.01627425
0.5,0.8785333,0.0,-0.01627425
0.5,0.8782078,0.0,-0.01627425
0.5,0.8779312,0.0,-0.01627425
0.5,0.8776382,0.0,-0.01627425
0.5,0.8773616,0.0,-0.01627425
0.5,0.87715,0.0,-0.01627425
0.5,0.8768957,0.0,-0.017255945
0.5,0.8765333,0.0,-0.017255945
0.5,0.87625724,0.0,-0.017255945
0.5,0.87596387,0.0,-0.017255945
0.5,0.87565327,0.0,-0.017255945
0.5,0.8754117,0.0,-0.017255945
0.5,0.87518865,0.0,0.012169706
0.5,0.87539554,0.0,0.012169706
0.5,0.8756024,0.0,0.012169706
0.5,0.8758215,0.0,0.012169706
0.5,0.8759918,0.0,0.012169706
0.5,0.876223,0.0,0.012169706
0.5,0.87639344,0.0,0.012169706
0.5,0.8770811,0.0,0.0771405
0.5,0.8782382,0.0,0.0771405
0.5,0.8797039,0.0,0.0771405
0.5,0.8809381,0.0,0.0771405
0.5,0.88232666,0.0,0.0771405
0.5,0.8835609,0.0,0.0771405
0.5,0.88487226,0.0,0.0771405
0.5,0.8868868,0.0,0.12592888
0.5,0.88902754,0.0,0.12592888
0.5,0.89116836,0.0,0.12592888
0.5,0.8930573,0.0,0.12592888
0.5,0.895324,0.0,0.12592888
0.5,0.8974648,0.0,0.12592888
0.5,0.8992891,0.0,0.09922706
0.5,0.9010751,0.0,0.09922706
0.5,0.902762,0.0,0.09922706
0.5,0.9043496,0.0,0.09922706
0.5,0.9060365,0.0,0.09922706
0.5,0.9076241,0.0,0.09922706
0.5,0.909311,0.0,0.09922706
0.5,0.9108544,0.0,0.08402312
0.5,0.91203076,0.0,0.08402312
0.5,0.9137112,0.0,0.08402312
0.5,0.9150556,0.0,0.08402312
0.5,0.91639996,0.0,0.08402312
0.5,0.9178283,0.0,0.08402312
0.5,0.9192567,0.0,0.08402312
0.5,0.9208917,0.0,0.10414467
0.5,0.9227663,0.0,0.10414467
0.5,0.9243285,0.0,0.10414467
0.5,0.92609894,0.0,0.10414467
0.5,0.92797357,0.0,0.10414467
0.5,0.92953575,0.0,0.10414467
0.5,0.93118733,0.0,0.069752
0.5,0.93230337,0.0,0.069752
0.5,0.93348914,0.0,0.069752
0.5,0.9346749,0.0,0.069752
0.5,0.9358607,0.0,0.069752
0.5,0.93697673,0.0,0.069752
0.5,0.93809277,0.0,0.069752
0.5,0.9390319,0.0,0.0363276
0.5,0.9396131,0.0,0.0363276
0.5,0.940267,0.0,0.0363276
0.5,0.94081193,0.0,0.0363276
0.5,0.94150215,0.0,0.0363276
0.5,0.9420834,0.0,0.0363276
0.5,0.942701,0.0,0.0363276
0.5,0.9432889,0.0,0.039301157
0.5,0.94395703,0.0,0.039301157
0.5,0.94458586,0.0,0.039301157
0.5,0.9452933,0.0,0.039301157
0.5,0.9460007,0.0,0.039301157
0.5,0.9466295,0.0,0.039301157
0.5,0.9471158,0.0,0.007545851
0.5,0.94723654,0.0,0.007545851
0.5,0.9473648,0.0,0.007545851
0.5,0.9474931,0.0,0.007545851
0.5,0.94761384,0.0,0.007545851
0.5,0.9477421,0.0,0.007545851
0.5,0.9478704,0.0,0.007545851
0.5,0.94798,0.0,0.0063761934
0.5,0.9480884,0.0,0.0063761934
0.5,0.94819677,0.0,0.0063761934
0.5,0.94831157,0.0,0.0063761934
0.5,0.9484136,0.0,0.0063761934
0.5,0.9485156,0.0,0.0063761934
0.5,0.948624,0.0,0.0063761934
0.5,0.9485745,0.0,-0.0033935118
0.5,0.9485168,0.0,-0.0033935118
0.5,0.9484591,0.0,-0.0033935118
0.5,0.948398,0.0,-0.0033935118
0.5,0.9483437,0.0,-0.0033935118
0.5,0.9482894,0.0,-0.0033935118
0.5,0.9481193,0.0,-0.029010525
0.5,0.9476261,0.0,-0.029010525
0.5,0.9471619,0.0,-0.029010525
0.5,0.9466978,0.0,-0.029010525
0.5,0.9461756,0.0,-0.029010525
0.5,0.9457114,0.0,-0.029010525
0.5,0.9451892,0.0,-0.029010525
0.5,0.9452696,0.0,0.022682667
0.5,0.94563246,0.0,0.022682667
0.5,0.94604075,0.0,0.022682667
0.5,0.94638103,0.0,0.022682667
0.5,0.9467893,0.0,0.022682667
0.5,0.9471522,0.0,0.022682667
0.5,0.94753784,0.0,0.022682667
0.5,0.94856566,0.0,0.06545735
0.5,0.9496785,0.0,0.06545735
0.5,0.95079124,0.0,0.06545735
0.5,0.951904,0.0,0.06545735
0.5,0.95301676,0.0,0.06545735
0.5,0.9540641,0.0,0.06545735
0.5,0.9550977,0.0,0.051205028
0.5,0.95591694,0.0,0.051205028
0.5,0.95673627,0.0,0.051205028
0.5,0.95765793,0.0,0.051205028
0.5,0.9584772,0.0,0.051205028
0.5,0.9593989,0.0,0.051205028
0.5,0.9602182,0.0,0.051205028
0.5,0.96045613,0.0,-0.0042081913
0.5,0.96038455,0.0,-0.0042081913
0.5,0.960313,0.0,-0.0042081913
0.5,0.9602415,0.0,-0.0042081913
0.5,0.96017,0.0,-0.0042081913
0.5,0.9600984,0.0,-0.0042081913
0.5,0.959981,0.0,-0.08345816
0.5,0.9586457,0.0,-0.08345816
0.5,0.9573104,0.0,-0.08345816
0.5,0.9558916,0.0,-0.08345816
0.5,0.9545562,0.0,-0.08345816
0.5,0.95313746,0.0,-0.08345816
0.5,0.9517187,0.0,-0.08345816
0.5,0.94982046,0.0,-0.12463625
0.5,0.94807553,0.0,-0.12463625
0.5,0.9459567,0.0,-0.12463625
0.5,0.94383794,0.0,-0.12463625
0.5,0.94184375,0.0,-0.12463625
0.5,0.9397249,0.0,-0.12463625
0.5,0.9376061,0.0,-0.12463625
0.5,0.93507576,0.0,-0.16011319
0.5,0.9325139,0.0,-0.16011319
0.5,0.929792,0.0,-0.16011319
0.5,0.9272302,0.0,-0.16011319
0.5,0.9243482,0.0,-0.16011319
0.5,0.92194647,0.0,-0.16011319
0.5,0.91922456,0.0,-0.16011319
0.5,0.9158194,0.0,-0.18981326
0.5,0.9129722,0.0,-0.18981326
0.5,0.9097454,0.0,-0.18981326
0.5,0.9059491,0.0,-0.18981326
0.5,0.90329176,0.0,-0.18981326
0.5,0.90044457,0.0,-0.18981326
0.5,0.89708257,0.0,-0.18009993
0.5,0.8942009,0.0,-0.18009993
0.5,0.89095914,0.0,-0.18009993
0.5,0.8882576,0.0,-0.18009993
0.5,0.885196,0.0,-0.18009993
0.5,0.88195413,0.0,-0.18009993
0.5,0.87907255,0.0,-0.18009993
0.5,0.8759427,0.0,-0.20344585
0.5,0.87248415,0.0,-0.20344585
0.5,0.8690255,0.0,-0.20344585
0.5,0.86536354,0.0,-0.20344585
0.5,0.8621084,0.0,-0.20344585
0.5,0.8586498,0.0,-0.20344585
0.5,0.85641193,0.0,-0.20344585
0.5,0.85110265,0.0,-0.2506806
0.5,0.84709173,0.0,-0.2506806
0.5,0.8425795,0.0,-0.2506806
0.5,0.8385686,0.0,-0.2506806
0.5,0.8345577,0.0,-0.2506806
0.5,0.83029616,0.0,-0.2506806
0.5,0.82594484,0.0,-0.31086856
0.5,0.82034916,0.0,-0.31086856
0.5,0.81537527,0.0,-0.31086856
0.5,0.81009054,0.0,-0.31086856
0.5,0.80511665,0.0,-0.31086856
0.5,0.79983187,0.0,-0.31086856
0.5,0.79579055,0.0,-0.31086856
0.5,0.7892802,0.0,-0.30945832
0.5,0.78463835,0.0,-0.30945832
0.5,0.7790681,0.0,-0.30945832
0.5,0.77411675,0.0,-0.30945832
0.5,0.7691654,0.0,-0.30945832
0.5,0.7632857,0.0,-0.30945832
0.5,0.75869536,0.0,-0.23355676
0.5,0.7547249,0.0,-0.23355676
0.5,0.7505209,0.0,-0.23355676
0.5,0.7472511,0.0,-0.23355676
0.5,0.74328065,0.0,-0.23355676
0.5,0.7390766,0.0,-0.23355676
0.5,0.73510617,0.0,-0.23355676
0.5,0.7322901,0.0,-0.17389345
0.5,0.7289861,0.0,-0.17389345
0.5,0.72602993,0.0,-0.17389345
0.5,0.7230737,0.0,-0.17389345
0.5,0.72011757,0.0,-0.17389345
0.5,0.7173352,0.0,-0.17389345
0.5,0.7143791,0.0,-0.17389345
0.5,0.7117109,0.0,-0.16414414
0.5,0.7089204,0.0,-0.16414414
0.5,0.7059658,0.0,-0.16414414
0.5,0.7033395,0.0,-0.16414414
0.5,0.70054907,0.0,-0.16414414
0.5,0.6980869,0.0,-0.16414414
0.5,0.6952935,0.0,-0.16827233
0.5,0.6924329,0.0,-0.16827233
0.5,0.6895722,0.0,-0.16827233
0.5,0.68704814,0.0,-0.16827233
0.5,0.68401927,0.0,-0.16827233
0.5,0.68115866,0.0,-0.16827233
0.5,0.678298,0.0,-0.16827233
0.5,0.6758058,0.0,-0.13850512
0.5,0.6734512,0.0,-0.13850512
0.5,0.6709581,0.0,-0.13850512
0.5,0.668742,0.0,-0.13850512
0.5,0.66652596,0.0,-0.13850512
0.5,0.6640329,0.0,-0.13850512
0.5,0.6618168,0.0,-0.13850512
0.5,0.65986234,0.0,-0.11795823
0.5,0.65785706,0.0,-0.11795823
0.5,0.65596974,0.0,-0.11795823
0.5,0.65396446,0.0,-0.11795823
0.5,0.6519592,0.0,-0.11795823
0.5,0.6500718,0.0,-0.11795823
0.5,0.64787,0.0,-0.14658317
0.5,0.6455247,0.0,-0.14658317
0.5,0.6433259,0.0,-0.14658317
0.5,0.64054084,0.0,-0.14658317
0.5,0.6380489,0.0,-0.14658317
0.5,0.6358502,0.0,-0.14658317
0.5,0.63350487,0.0,-0.14658317
0.5,0.63091487,0.0,-0.16109703
0.5,0.6281762,0.0,-0.16109703
0.5,0.62527645,0.0,-0.16109703
0.5,0.6226989,0.0,-0.16109703
0.5,0.62012136,0.0,-0.16109703
0.5,0.6172216,0.0,-0.16109703
0.5,0.61528844,0.0,-0.16109703
0.5,0.61203325,0.0,-0.1518128
0.5,0.60960424,0.0,-0.1518128
0.5,0.60732704,0.0,-0.1518128
0.5,0.6045944,0.0,-0.1518128
0.5,0.6020136,0.0,-0.1518128
0.5,0.5995846,0.0,-0.1518128
0.5,0.59681815,0.0,-0.16399056
0.5,0.59435827,0.0,-0.16399056
0.5,0.59140646,0.0,-0.16399056
0.5,0.58861864,0.0,-0.16399056
0.5,0.5859948,0.0,-0.16399056
0.5,0.5832069,0.0,-0.16399056
0.5,0.58041906,0.0,-0.16399056
0.5,0.5775835,0.0,-0.19117035
0.5,0.57452476,0.0,-0.19117035
0.5,0.5710837,0.0,-0.19117035
0.5,0.568025,0.0,-0.19117035
0.5,0.5647751,0.0,-0.19117035
0.5,0.5615252,0.0,-0.19117035
0.5,0.55865765,0.0,-0.19117035
0.5,0.5555556,0.0,-0.23460181
0.5,0.55062896,0.0,-0.23460181
0.5,0.5466407,0.0,-0.23460181
0.5,0.5426525,0.0,-0.23460181
0.5,0.5391334,0.0,-0.23460181
0.5,0.5351452,0.0,-0.23460181
0.5,0.531003,0.0,-0.2893467
0.5,0.5260841,0.0,-0.2893467
0.5,0.5214546,0.0,-0.2893467
0.5,0.5162463,0.0,-0.2893467
0.5,0.5116168,0.0,-0.2893467
0.5,0.5069873,0.0,-0.2893467
0.5,0.50206834,0.0,-0.2893467
0.5,0.4968143,0.0,-0.3273313
0.5,0.492559,0.0,-0.3273313
0.5,0.48601237,0.0,-0.3273313
0.5,0.4811024,0.0,-0.3273313
0.5,0.47619244,0.0,-0.3273313
0.5,0.46964583,0.0,-0.3273313
0.5,0.4640812,0.0,-0.3273313
0.5,0.45870426,0.0,-0.3374243
0.5,0.45330548,0.0,-0.3374243
0.5,0.44723183,0.0,-0.3374243
0.5,0.44183305,0.0,-0.3374243
0.5,0.43609685,0.0,-0.3374243
0.5,0.43036062,0.0,-0.3374243
0.5,0.42597413,0.0,-0.3374243
0.5,0.41889098,0.0,-0.33729166
0.5,0.41349432,0.0,-0.33729166
0.5,0.40843493,0.0,-0.33729166
0.5,0.402701,0.0,-0.33729166
0.5,0.39696702,0.0,-0.33729166
0.5,0.39224494,0.0,-0.33729166
0.5,0.3851705,0.0,-0.37439394
0.5,0.3784314,0.0,-0.37439394
0.5,0.3724411,0.0,-0.37439394
0.5,0.3668252,0.0,-0.37439394
0.5,0.3600861,0.0,-0.37439394
0.5,0.355219,0.0,-0.37439394
0.5,0.3488543,0.0,-0.37439394
0.5,0.34063753,0.0,-0.4234162
0.5,0.33343947,0.0,-0.4234162
0.5,0.3266648,0.0,-0.4234162
0.5,0.31989017,0.0,-0.4234162
0.5,0.31226867,0.0,-0.4234162
0.5,0.305494,0.0,-0.4234162
0.5,0.29919574,0.0,-0.39523673
0.5,0.29287195,0.0,-0.39523673
0.5,0.28536245,0.0,-0.39523673
0.5,0.27864343,0.0,-0.39523673
0.5,0.27350536,0.0,-0.39523673
0.5,0.26560062,0.0,-0.39523673
0.5,0.25888163,0.0,-0.39523673
0.5,0.25315392,0.0,-0.32818925
0.5,0.24724653,0.0,-0.32818925
0.5,0.24330826,0.0,-0.32818925
0.5,0.2364163,0.0,-0.32818925
0.5,0.23149346,0.0,-0.32818925
0.5,0.22558606,0.0,-0.32818925
0.5,0.22033504,0.0,-0.32818925
0.5,0.21588892,0.0,-0.27028954
0.5,0.2110237,0.0,-0.27028954
0.5,0.20696937,0.0,-0.27028954
0.5,0.20210415,0.0,-0.27028954
0.5,0.19750924,0.0,-0.27028954
0.5,0.1934549,0.0,-0.27028954
0.5,0.18865022,0.0,-0.25482285
0.5,0.18457305,0.0,-0.25482285
0.5,0.18024106,0.0,-0.25482285
0.5,0.17590907,0.0,-0.25482285
0.5,0.1718319,0.0,-0.25482285
0.5,0.16775475,0.0,-0.25482285
0.5,0.16291311,0.0,-0.25482285
0.5,0.158963,0.0,-0.24202253
0.5,0.15509063,0.0,-0.24202253
0.5,0.15121827,0.0,-0.24202253
0.5,0.14686187,0.0,-0.24202253
0.5,0.14274749,0.0,-0.24202253
0.5,0.13887513,0.0,-0.24202253
0.5,0.13476075,0.0,-0.24202253
0.5,0.13180637,0.0,-0.1935155
0.5,0.1283231,0.0,-0.1935155
0.5,0.12561388,0.0,-0.1935155
0.5,0.12193709,0.0,-0.1935155
0.5,0.11884084,0.0,-0.1935155
0.5,0.11535757,0.0,-0.1935155
0.5,0.11247416,0.0,-0.13958544
0.5,0.11024079,0.0,-0.13958544
0.5,0.10786784,0.0,-0.13958544
0.5,0.1053553,0.0,-0.13958544
0.5,0.10312194,0.0,-0.13958544
0.5,0.10130733,0.0,-0.13958544
0.5,0.09865521,0.0,-0.13958544
0.5,0.096971855,0.0,-0.08059577
0.5,0.09552113,0.0,-0.08059577
0.5,0.094151005,0.0,-0.08059577
0.5,0.09278088,0.0,-0.08059577
0.5,0.09165254,0.0,-0.08059577
0.5,0.090040624,0.0,-0.08059577
0.5,0.08875109,0.0,-0.08059577
0.5,0.08765136,0.0,-0.06253213
0.5,0.08658831,0.0,-0.06253213
0.5,0.085462734,0.0,-0.06253213
0.5,0.08446222,0.0,-0.06253213
0.5,0.0834617,0.0,-0.06253213
0.5,0.08246119,0.0,-0.06253213
0.5,0.08147325,0.0,-0.0583134
0.5,0.080481924,0.0,-0.0583134
0.5,0.07943228,0.0,-0.0583134
0.5,0.07849927,0.0,-0.0583134
0.5,0.07756625,0.0,-0.0583134
0.5,0.07651661,0.0,-0.0583134
0.5,0.07570023,0.0,-0.0583134
0.5,0.07460688,0.0,-0.063174084
0.5,0.07346975,0.0,-0.063174084
0.5,0.07245897,0.0,-0.063174084
0.5,0.071448185,0.0,-0.063174084
0.5,0.07037422,0.0,-0.063174084
0.5,0.069300264,0.0,-0.063174084
0.5,0.06822631,0.0,-0.063174084
0.5,0.06698194,0.0,-0.07382285
0.5,0.06580078,0.0,-0.07382285
0.5,0.06454579,0.0,-0.07382285
0.5,0.063364625,0.0,-0.07382285
0.5,0.062109634,0.0,-0.07382285
0.5,0.06092847,0.0,-0.07382285
0.5,0.059673175,0.0,-0.05915943
0.5,0.058726624,0.0,-0.05915943
0.5,0.057780076,0.0,-0.05915943
0.5,0.056774363,0.0,-0.05915943
0.5,0.055768654,0.0,-0.05915943
0.5,0.054703787,0.0,-0.05915943
0.5,0.053757235,0.0,-0.05915943
0.5,0.05298983,0.0,-0.03754385
0.5,0.052426673,0.0,-0.03754385
0.5,0.051788427,0.0,-0.03754385
0.5,0.05115018,0.0,-0.03754385
0.5,0.05054948,0.0,-0.03754385
0.5,0.04987369,0.0,-0.03754385
0.5,0.04927299,0.0,-0.03754385
0.5,0.04930672,0.0,0.0041050133
0.5,0.049368296,0.0,0.0041050133
0.5,0.04943808,0.0,0.0041050133
0.5,0.049507868,0.0,0.0041050133
0.5,0.04958176,0.0,0.0041050133
0.5,0.049643334,0.0,0.0041050133
0.5,0.04969811,0.0,0.0011316293
0.5,0.049716216,0.0,0.0011316293
0.5,0.049736585,0.0,0.0011316293
0.5,0.049754694,0.0,0.0011316293
0.5,0.04977393,0.0,0.0011316293
0.5,0.049792036,0.0,0.0011316293
0.5,0.049811274,0.0,0.0011316293
0.5,0.04989994,0.0,0.008146959
0.5,0.050046586,0.0,0.008146959
0.5,0.050176937,0.0,0.008146959
0.5,0.05030729,0.0,0.008146959
0.5,0.050445788,0.0,0.008146959
0.5,0.050559845,0.0,0.008146959
0.5,0.05072505,0.0,0.0409044
0.5,0.051297713,0.0,0.0409044
0.5,0.05203399,0.0,0.0409044
0.5,0.05277027,0.0,0.0409044
0.5,0.05342474,0.0,0.0409044
0.5,0.054120112,0.0,0.0409044
0.5,0.05485639,0.0,0.0409044
0.5,0.055308085,0.0,0.022081625
0.5,0.055749718,0.0,0.022081625
0.5,0.05605886,0.0,0.022081625
0.5,0.05647841,0.0,0.022081625
0.5,0.05687588,0.0,0.022081625
0.5,0.057207104,0.0,0.022081625
0.5,0.05753833,0.0,0.022081625
0.5,0.05804572,0.0,0.030001083
0.5,0.058525737,0.0,0.030001083
0.5,0.058975752,0.0,0.030001083
0.5,0.059575774,0.0,0.030001083
0.5,0.059965786,0.0,0.030001083
0.5,0.06059581,0.0,0.030001083
0.5,0.061015822,0.0,0.030001083
0.5,0.06218792,0.0,0.06326004
0.5,0.06307356,0.0,0.06326004
0.5,0.06414898,0.0,0.06326004
0.5,0.06535092,0.0,0.06326004
0.5,0.06636308,0.0,0.06326004
0.5,0.06731198,0.0,0.06326004
0.5,0.068453155,0.0,0.06366829
0.5,0.06934451,0.0,0.06366829
0.5,0.07055421,0.0,0.06366829
0.5,0.0715729,0.0,0.06366829
0.5,0.07252792,0.0,0.06366829
0.5,0.07373762,0.0,0.06366829
0.5,0.07481998,0.0,0.06366829
0.5,0.076005146,0.0,0.072146766
0.5,0.07723164,0.0,0.072146766
0.5,0.07838599,0.0,0.072146766
0.5,0.07961248,0.0,0.072146766
0.5,0.08076683,0.0,0.072146766
0.5,0.08206547,0.0,0.072146766
0.5,0.08300337,0.0,0.072146766
0.5,0.0845409,0.0,0.08187687
0.5,0.08601468,0.0,0.08187687
0.5,0.08732471,0.0,0.08187687
0.5,0.08871662,0.0,0.08187687
0.5,0.09002665,0.0,0.08187687
0.5,0.09141855,0.0,0.08187687
0.5,0.092667006,0.0,0.07185966
0.5,0.09396048,0.0,0.07185966
0.5,0.09518209,0.0,0.07185966
0.5,0.09625998,0.0,0.07185966
0.5,0.0974816,0.0,0.07185966
0.5,0.098775074,0.0,0.07185966
0.5,0.099924825,0.0,0.07185966
0.5,0.10152361,0.0,0.09342342
0.5,0.10292496,0.0,0.09342342
0.5,0.10451315,0.0,0.09342342
0.5,0.106007926,0.0,0.09342342
0.5,0.10759612,0.0,0.09342342
0.5,0.109184325,0.0,0.09342342
0.5,0.111199975,0.0,0.1511291
0.5,0.113164656,0.0,0.1511291
0.5,0.115884975,0.0,0.1511291
0.5,0.11830304,0.0,0.1511291
0.5,0.1207211,0.0,0.1511291
0.5,0.123592556,0.0,0.1511291
0.5,0.12585948,0.0,0.1511291
0.5,0.12863879,0.0,0.20957553
0.5,0.13241115,0.0,0.20957553
0.5,0.13576436,0.0,0.20957553
0.5,0.13932714,0.0,0.20957553
0.5,0.14288992,0.0,0.20957553
0.5,0.14624313,0.0,0.20957553
0.5,0.1498059,0.0,0.20957553
0.5,0.15413453,0.0,0.2676292
0.5,0.1584166,0.0,0.2676292
0.5,0.16269866,0.0,0.2676292
0.5,0.16751598,0.0,0.2676292
0.5,0.17153043,0.0,0.2676292
0.5,0.17661537,0.0,0.2676292
0.5,0.181071,0.0,0.34641293
0.5,0.18696003,0.0,0.34641293
0.5,0.19250262,0.0,0.34641293
0.5,0.19839163,0.0,0.34641293
0.5,0.20393424,0.0,0.34641293
0.5,0.20982325,0.0,0.34641293
0.5,0.21536586,0.0,0.34641293
0.5,0.22151817,0.0,0.38290995
0.5,0.22764473,0.0,0.38290995
0.5,0.2341542,0.0,0.38290995
0.5,0.24066366,0.0,0.38290995
0.5,0.24717313,0.0,0.38290995
0.5,0.25329968,0.0,0.38290995
0.5,0.25980914,0.0,0.38290995
0.5,0.26549798,0.0,0.34710592
0.5,0.2717459,0.0,0.34710592
0.5,0.27695248,0.0,0.34710592
0.5,0.28285328,0.0,0.34710592
0.5,0.28910118,0.0,0.34710592
0.5,0.29465488,0.0,0.34710592
0.5,0.30015808,0.0,0.30628955
0.5,0.3056713,0.0,0.30628955
0.5,0.31057194,0.0,0.30628955
0.5,0.31547254,0.0,0.30628955
0.5,0.32098576,0.0,0.30628955
0.5,0.32558012,0.0,0.30628955
0.5,0.33078703,0.0,0.30628955
0.5,0.3357309,0.0,0.26999524
0.5,0.34005082,0.0,0.26999524
0.5,0.34464073,0.0,0.26999524
0.5,0.34950066,0.0,0.26999524
0.5,0.35355058,0.0,0.26999524
0.5,0.3581405,0.0,0.26999524
0.5,0.3630004,0.0,0.26999524
0.5,0.36688152,0.0,0.25622493
0.5,0.37149358,0.0,0.25622493
0.5,0.3758494,0.0,0.25622493
0.5,0.37994897,0.0,0.25622493
0.5,0.38404858,0.0,0.25622493
0.5,0.3881482,0.0,0.25622493
0.5,0.39306548,0.0,0.27122048
0.5,0.397405,0.0,0.27122048
0.5,0.4014733,0.0,0.27122048
0.5,0.4066265,0.0,0.27122048
0.5,0.4106948,0.0,0.27122048
0.5,0.41557676,0.0,0.27122048
0.5,0.4199163,0.0,0.27122048
0.5,0.4244806,0.0,0.2656109
0.5,0.42846474,0.0,0.2656109
0.5,0.43351135,0.0,0.2656109
0.5,0.43776113,0.0,0.2656109
0.5,0.44201088,0.0,0.2656109
0.5,0.4465263,0.0,0.2656109
0.5,0.45104167,0.0,0.2656109
0.5,0.45459393,0.0,0.21313527
0.5,0.4582172,0.0,0.21313527
0.5,0.4618405,0.0,0.21313527
0.5,0.46546382,0.0,0.21313527
0.5,0.46887398,0.0,0.21313527
0.5,0.47249725,0.0,0.21313527
0.5,0.47575867,0.0,0.1485506
0.5,0.47843257,0.0,0.1485506
0.5,0.48125502,0.0,0.1485506
0.5,0.4831862,0.0,0.1485506
0.5,0.48571154,0.0,0.1485506
0.5,0.48808834,0.0,0.1485506
0.5,0.49046516,0.0,0.1485506
0.5,0.49309182,0.0,0.14286718
0.5,0.49552056,0.0,0.14286718
0.5,0.49780643,0.0,0.14286718
0.5,0.50023514,0.0,0.14286718
0.5,0.50252104,0.0,0.14286718
0.5,0.50480694,0.0,0.14286718
0.5,0.5073785,0.0,0.14286718
0.5,0.50997,0.0,0.16580252
0.5,0.5129545,0.0,0.16580252
0.5,0.5156073,0.0,0.16580252
0.5,0.51809436,0.0,0.16580252
0.5,0.5212446,0.0,0.16580252
0.5,0.5238974,0.0,0.16580252
0.5,0.52660334,0.0,0.1885131
0.5,0.5299966,0.0,0.1885131
0.5,0.5328243,0.0,0.1885131
0.5,0.536029,0.0,0.1885131
0.5,0.5394222,0.0,0.1885131
0.5,0.5422499,0.0,0.1885131
0.5,0.54564315,0.0,0.1885131
0.5,0.5482886,0.0,0.16370647
0.5,0.551399,0.0,0.16370647
0.5,0.5538546,0.0,0.16370647
0.5,0.5566376,0.0,0.16370647
0.5,0.5595843,0.0,0.16370647
0.5,0.5620399,0.0,0.16370647
0.5,0.5648229,0.0,0.16370647
0.5,0.5667941,0.0,0.10019211
0.5,0.56829697,0.0,0.10019211
0.5,0.57000023,0.0,0.10019211
0.5,0.5717035,0.0,0.10019211
0.5,0.57340676,0.0,0.10019211
0.5,0.5749096,0.0,0.10019211
0.5,0.576783,0.0,0.093264386
0.5,0.57827526,0.0,0.093264386
0.5,0.57967424,0.0,0.093264386
0.5,0.58135295,0.0,0.093264386
0.5,0.5829385,0.0,0.093264386
0.5,0.5844307,0.0,0.093264386
0.5,0.5860162,0.0,0.093264386
0.5,0.5879841,0.0,0.15001696
0.5,0.5906844,0.0,0.15001696
0.5,0.5930847,0.0,0.15001696
0.5,0.59563494,0.0,0.15001696
0.5,0.5980352,0.0,0.15001696
0.5,0.6004355,0.0,0.15001696
0.5,0.6031358,0.0,0.15001696
0.5,0.6060779,0.0,0.17547394
0.5,0.6088855,0.0,0.17547394
0.5,0.61186856,0.0,0.17547394
0.5,0.61485165,0.0,0.17547394
0.5,0.6176592,0.0,0.17547394
0.5,0.6208177,0.0,0.17547394
0.5,0.62347853,0.0,0.18389623
0.5,0.62660474,0.0,0.18389623
0.5,0.62954706,0.0,0.18389623
0.5,0.6328572,0.0,0.18389623
0.5,0.63561565,0.0,0.18389623
0.5,0.6391097,0.0,0.18389623
0.5,0.642052,0.0,0.18389623
0.5,0.64531785,0.0,0.21825776
0.5,0.64880997,0.0,0.21825776
0.5,0.65252036,0.0,0.21825776
0.5,0.65623075,0.0,0.21825776
0.5,0.65972286,0.0,0.21825776
0.5,0.66343325,0.0,0.21825776
0.5,0.6675937,0.0,0.25006998
0.5,0.67134476,0.0,0.25006998
0.5,0.67559594,0.0,0.25006998
0.5,0.679347,0.0,0.25006998
0.5,0.68384826,0.0,0.25006998
0.5,0.68784934,0.0,0.25006998
0.5,0.6921005,0.0,0.25006998
0.5,0.69628984,0.0,0.30481514
0.5,0.7014717,0.0,0.30481514
0.5,0.70665354,0.0,0.30481514
0.5,0.71153057,0.0,0.30481514
0.5,0.71701723,0.0,0.30481514
0.5,0.7221991,0.0,0.30481514
0.5,0.72646654,0.0,0.30481514
0.5,0.7324273,0.0,0.35499123
0.5,0.73810714,0.0,0.35499123
0.5,0.744142,0.0,0.35499123
0.5,0.74982184,0.0,0.35499123
0.5,0.75656664,0.0,0.35499123
0.5,0.7622465,0.0,0.35499123
0.5,0.76828134,0.0,0.35499123
0.5,0.7735889,0.0,0.35379416
0.5,0.77995723,0.0,0.35379416
0.5,0.7856179,0.0,0.35379416
0.5,0.7912786,0.0,0.35379416
0.5,0.7976469,0.0,0.35379416
0.5,0.8033076,0.0,0.35379416
0.5,0.8091322,0.0,0.31131646
0.5,0.8144246,0.0,0.31131646
0.5,0.81971693,0.0,0.31131646
0.5,0.8237641,0.0,0.31131646
0.5,0.82905644,0.0,0.31131646
0.5,0.8349714,0.0,0.31131646
0.5,0.8399525,0.0,0.31131646
0.5,0.84393847,0.0,0.25384855
0.5,0.8492693,0.0,0.25384855
0.5,0.853077,0.0,0.25384855
0.5,0.8579001,0.0,0.25384855
0.5,0.8617078,0.0,0.25384855
0.5,0.8657694,0.0,0.25384855
0.5,0.86983097,0.0,0.25384855
0.5,0.873207,0.0,0.17682779
0.5,0.876213,0.0,0.17682779
0.5,0.87904227,0.0,0.17682779
0.5,0.8816947,0.0,0.17682779
0.5,0.8850544,0.0,0.17682779
0.5,0.88788366,0.0,0.17682779
0.5,0.890307,0.0,0.1420968
0.5,0.89300686,0.0,0.1420968
0.5,0.8954225,0.0,0.1420968
0.5,0.897696,0.0,0.1420968
0.5,0.9001117,0.0,0.1420968
0.5,0.90252733,0.0,0.1420968
0.5,0.9050851,0.0,0.1420968
0.5,0.9071417,0.0,0.12146614
0.5,0.9092066,0.0,0.12146614
0.5,0.91115004,0.0,0.12146614
0.5,0.9130935,0.0,0.12146614
0.5,0.915037,0.0,0.12146614
0.5,0.91722333,0.0,0.12146614
0.5,0.9191668,0.0,0.12146614
0.5,0.9207743,0.0,0.09200182
0.5,0.9224303,0.0,0.09200182
0.5,0.9238103,0.0,0.09200182
0.5,0.92546636,0.0,0.09200182
0.5,0.9268464,0.0,0.09200182
0.5,0.9284104,0.0,0.09200182
0.5,0.9300935,0.0,0.09689312
0.5,0.93164384,0.0,0.09689312
0.5,0.9333879,0.0,0.09689312
0.5,0.9348413,0.0,0.09689312
0.5,0.9363916,0.0,0.09689312
0.5,0.93803877,0.0,0.09689312
0.5,0.93978286,0.0,0.09689312
0.5,0.94108576,0.0,0.08113764
0.5,0.9424651,0.0,0.08113764
0.5,0.9439256,0.0,0.08113764
0.5,0.94538605,0.0,0.08113764
0.5,0.946522,0.0,0.08113764
0.5,0.94790137,0.0,0.08113764
0.5,0.9492807,0.0,0.08113764
0.5,0.950292,0.0,0.062700756
0.5,0.9513579,0.0,0.062700756
0.5,0.9523611,0.0,0.062700756
0.5,0.953427,0.0,0.062700756
0.5,0.9544929,0.0,0.062700756
0.5,0.95555884,0.0,0.062700756
0.5,0.9563904,0.0,0.02062905
0.5,0.9567411,0.0,0.02062905
0.5,0.95709175,0.0,0.02062905
0.5,0.9574012,0.0,0.02062905
0.5,0.95777255,0.0,0.02062905
0.5,0.9581026,0.0,0.02062905
0.5,0.9584739,0.0,0.02062905
0.5,0.95846885,0.0,-0.00830629
0.5,0.9583443,0.0,-0.00830629
0.5,0.95819473,0.0,-0.00830629
0.5,0.95807844,0.0,-0.00830629
0.5,0.9579206,0.0,-0.00830629
0.5,0.9577711,0.0,-0.00830629
0.5,0.9576638,0.0,0.03472778
0.5,0.9582194,0.0,0.03472778
0.5,0.95877504,0.0,0.03472778
0.5,0.9593654,0.0,0.03472778
0.5,0.96002525,0.0,0.03472778
0.5,0.9605809,0.0,0.03472778
0.5,0.96110183,0.0,0.03472778
0.5,0.9616221,0.0,0.022225114
0.5,0.9619777,0.0,0.022225114
0.5,0.9623778,0.0,0.022225114
0.5,0.9627334,0.0,0.022225114
0.5,0.963089,0.0,0.022225114
0.5,0.9634446,0.0,0.022225114
0.5,0.96386683,0.0,0.022225114
0.5,0.96368825,0.0,-0.023765862
0.5,0.963308,0.0,-0.023765862
0.5,0.9628802,0.0,-0.023765862
0.5,0.9625237,0.0,-0.023765862
0.5,0.9621197,0.0,-0.023765862
0.5,0.9617394,0.0,-0.023765862
0.5,0.9613354,0.0,-0.023765862
0.5,0.960695,0.0,-0.035826012
0.5,0.96015763,0.0,-0.035826012
0.5,0.9595486,0.0,-0.035826012
0.5,0.9590112,0.0,-0.035826012
0.5,0.9583305,0.0,-0.035826012
0.5,0.9577573,0.0,-0.035826012
0.5,0.95736766,0.0,0.0030879402
0.5,0.9574263,0.0,0.0030879402
0.5,0.9574665,0.0,0.0030879402
0.5,0.95752513,0.0,0.0030879402
0.5,0.95757455,0.0,0.0030879402
0.5,0.95762706,0.0,0.0030879402
0.5,0.9576826,0.0,0.0030879402
0.5,0.9582386,0.0,0.04683895
0.5,0.95903486,0.0,0.04683895
0.5,0.9597843,0.0,0.04683895
0.5,0.9605806,0.0,0.04683895
0.5,0.96133,0.0,0.04683895
0.5,0.9621731,0.0,0.04683895
0.5,0.9629172,0.0,0.015442923
0.5,0.9631489,0.0,0.015442923
0.5,0.9634114,0.0,0.015442923
0.5,0.9636894,0.0,0.015442923
0.5,0.9639519,0.0,0.015442923
0.5,0.9641835,0.0,0.015442923
0.5,0.96444607,0.0,0.015442923
0.5,0.96435124,0.0,-0.04484065
0.5,0.96358895,0.0,-0.04484065
0.5,0.96282667,0.0,-0.04484065
0.5,0.9620644,0.0,-0.04484065
0.5,0.9613021,0.0,-0.04484065
0.5,0.9605398,0.0,-0.04484065
0.5,0.95977753,0.0,-0.04484065
0.5,0.9586714,0.0,-0.098872624
0.5,0.95679283,0.0,-0.098872624
0.5,0.95530975,0.0,-0.098872624
0.5,0.9534312,0.0,-0.098872624
0.5,0.9518492,0.0,-0.098872624
0.5,0.9501684,0.0,-0.098872624
0.5,0.94842774,0.0,-0.13417394
0.5,0.94628096,0.0,-0.13417394
0.5,0.944,0.0,-0.13417394
0.5,0.94171906,0.0,-0.13417394
0.5,0.9395723,0.0,-0.13417394
0.5,0.9372913,0.0,-0.13417394
0.5,0.93554705,0.0,-0.13417394
0.5,0.9331828,0.0,-0.10174199
0.5,0.9313514,0.0,-0.10174199
0.5,0.9296218,0.0,-0.10174199
0.5,0.92799395,0.0,-0.10174199
0.5,0.92626435,0.0,-0.10174199
0.5,0.9246364,0.0,-0.10174199
0.5,0.9228051,0.0,-0.10174199
0.5,0.9222852,0.0,-0.014609448
0.5,0.9220368,0.0,-0.014609448
0.5,0.9218031,0.0,-0.014609448
0.5,0.92155474,0.0,-0.014609448
0.5,0.9213064,0.0,-0.014609448
0.5,0.9210726,0.0,-0.014609448
0.5,0.9208914,0.0,0.05760109
0.5,0.92204344,0.0,0.05760109
0.5,0.9227346,0.0,0.05760109
0.5,0.92377144,0.0,0.05760109
0.5,0.9247507,0.0,0.05760109
0.5,0.9257299,0.0,0.05760109
0.5,0.9266515,0.0,0.05760109
0.5,0.92763305,0.0,0.06803994
0.5,0.92885774,0.0,0.06803994
0.5,0.92994636,0.0,0.06803994
0.5,0.93103504,0.0,0.06803994
0.5,0.93212366,0.0,0.06803994
0.5,0.93334836,0.0,0.06803994
0.5,0.9345731,0.0,0.06803994
0.5,0.9354438,0.0,0.05528702
0.5,0.9363837,0.0,0.05528702
0.5,0.9373789,0.0,0.05528702
0.5,0.9381529,0.0,0.05528702
0.5,0.93914807,0.0,0.05528702
0.5,0.94003266,0.0,0.05528702
0.5,0.9409781,0.0,0.06259174
0.5,0.9420422,0.0,0.06259174
0.5,0.9431688,0.0,0.06259174
0.5,0.9441703,0.0,0.06259174
0.5,0.94523436,0.0,0.06259174
0.5,0.9461732,0.0,0.06259174
0.5,0.94729984,0.0,0.06259174
0.5,0.94829834,0.0,0.054153338
0.5,0.9491648,0.0,0.054153338
0.5,0.9500312,0.0,0.054153338
0.5,0.9509519,0.0,0.054153338
0.5,0.9519266,0.0,0.054153338
0.5,0.95279306,0.0,0.054153338
0.5,0.95371366,0.0,0.054153338
0.5,0.9545179,0.0,0.049284063
0.5,0.9553557,0.0,0.049284063
0.5,0.9561443,0.0,0.049284063
0.5,0.9569821,0.0,0.049284063
0.5,0.9578199,0.0,0.049284063
0.5,0.95860845,0.0,0.049284063
0.5,0.9594448,0.0,0.048483346
0.5,0.96026903,0.0,0.048483346
0.5,0.9610448,0.0,0.048483346
0.5,0.961869,0.0,0.048483346
0.5,0.9626932,0.0,0.048483346
0.5,0.96346897,0.0,0.048483346
0.5,0.96414775,0.0,0.048483346
0.5,0.9649357,0.0,0.028913323
0.5,0.9654273,0.0,0.028913323
0.5,0.9659766,0.0,0.028913323
0.5,0.9663814,0.0,0.028913323
0.5,0.96687293,0.0,0.028913323
0.5,0.96736443,0.0,0.028913323
0.5,0.9679138,0.0,0.028913323
0.5,0.9683096,0.0,0.024404394
0.5,0.9687245,0.0,0.024404394
0.5,0.9690905,0.0,0.024404394
0.5,0.9694566,0.0,0.024404394
0.5,0.9699203,0.0,0.024404394
0.5,0.9703352,0.0,0.024404394
0.5,0.9706591,0.0,0.0013409714
0.5,0.9706859,0.0,0.0013409714
0.5,0.97070336,0.0,0.0013409714
0.5,0.97072613,0.0,0.0013409714
0.5,0.9707503,0.0,0.0013409714
0.5,0.97077304,0.0,0.0013409714
0.5,0.9707932,0.0,0.0013409714
0.5,0.9705975,0.0,-0.021135474
0.5,0.97025937,0.0,-0.021135474
0.5,0.9699212,0.0,-0.021135474
0.5,0.9695619,0.0,-0.021135474
0.5,0.96922374,0.0,-0.021135474
0.5,0.96888554,0.0,-0.021135474
0.5,0.9685051,0.0,-0.021135474
0.5,0.9678783,0.0,-0.03667882
0.5,0.96732813,0.0,-0.03667882
0.5,0.9667046,0.0,-0.03667882
0.5,0.9661911,0.0,-0.03667882
0.5,0.9654575,0.0,-0.03667882
0.5,0.96487063,0.0,-0.03667882
0.5,0.9643087,0.0,-0.027986404
0.5,0.9638329,0.0,-0.027986404
0.5,0.9633571,0.0,-0.027986404
0.5,0.96290934,0.0,-0.027986404
0.5,0.9624336,0.0,-0.027986404
0.5,0.9619578,0.0,-0.027986404
0.5,0.96148205,0.0,-0.027986404
0.5,0.9615123,0.0,0.025900032
0.5,0.9619526,0.0,0.025900032
0.5,0.96236706,0.0,0.025900032
0.5,0.96280736,0.0,0.025900032
0.5,0.96324766,0.0,0.025900032
0.5,0.963662,0.0,0.025900032
0.5,0.9641023,0.0,0.025900032
0.5,0.96489775,0.0,0.049759336
0.5,0.96574366,0.0,0.049759336
0.5,0.96649003,0.0,0.049759336
0.5,0.9673857,0.0,0.049759336
0.5,0.9682316,0.0,0.049759336
0.5,0.96902776,0.0,0.049759336
0.5,0.96976817,0.0,0.030498644
0.5,0.97034764,0.0,0.030498644
0.5,0.9708051,0.0,0.030498644
0.5,0.9713236,0.0,0.030498644
0.5,0.9717811,0.0,0.030498644
0.5,0.97236055,0.0,0.030498644
0.5,0.97284853,0.0,0.030498644
0.5,0.9727322,0.0,-0.03358766
0.5,0.9721612,0.0,-0.03358766
0.5,0.9716238,0.0,-0.03358766
0.5,0.9710528,0.0,-0.03358766
0.5,0.97061616,0.0,-0.03358766
0.5,0.9699444,0.0,-0.03358766
0.5,0.969407,0.0,-0.03358766
0.5,0.9681651,0.0,-0.07856471
0.5,0.96682954,0.0,-0.07856471
0.5,0.9655725,0.0,-0.07856471
0.5,0.96423686,0.0,-0.07856471
0.5,0.96297985,0.0,-0.07856471
0.5,0.9615657,0.0,-0.07856471
0.5,0.96045995,0.0,-0.040050853
0.5,0.9597791,0.0,-0.040050853
0.5,0.9590982,0.0,-0.040050853
0.5,0.9584574,0.0,-0.040050853
0.5,0.95781654,0.0,-0.040050853
0.5,0.9570957,0.0,-0.040050853
0.5,0.9564548,0.0,-0.040050853
0.5,0.9558091,0.0,-0.040598627
0.5,0.95507836,0.0,-0.040598627
0.5,0.95455056,0.0,-0.040598627
0.5,0.95373863,0.0,-0.040598627
0.5,0.9530484,0.0,-0.040598627
0.5,0.95239884,0.0,-0.040598627
0.5,0.9516157,0.0,-0.052983146
0.5,0.950821,0.0,-0.052983146
0.5,0.94992024,0.0,-0.052983146
0.5,0.94907254,0.0,-0.052983146
0.5,0.9482248,0.0,-0.052983146
0.5,0.9473771,0.0,-0.052983146
0.5,0.94642335,0.0,-0.052983146
0.5,0.94579893,0.0,0.0033779382
0.5,0.94585973,0.0,0.0033779382
0.5,0.94591373,0.0,0.0033779382
0.5,0.9459644,0.0,0.0033779382
0.5,0.94602525,0.0,0.0033779382
0.5,0.94608265,0.0,0.0033779382
0.5,0.9461367,0.0,0.0033779382
0.5,0.9460756,0.0,-0.0070856144
0.5,0.94596934,0.0,-0.0070856144
0.5,0.945856,0.0,-0.0070856144
0.5,0.9457355,0.0,-0.0070856144
0.5,0.94561505,0.0,-0.0070856144
0.5,0.9454946,0.0,-0.0070856144
0.5,0.9453883,0.0,-0.0070856144
0.5,0.94530356,0.0,-0.005040055
0.5,0.9452078,0.0,-0.005040055
0.5,0.94512206,0.0,-0.005040055
0.5,0.9450415,0.0,-0.005040055
0.5,0.94496083,0.0,-0.005040055
0.5,0.9448701,0.0,-0.005040055
0.5,0.9448048,0.0,-0.0016438583
0.5,0.9447801,0.0,-0.0016438583
0.5,0.94475055,0.0,-0.0016438583
0.5,0.9447242,0.0,-0.0016438583
0.5,0.9446996,0.0,-0.0016438583
0.5,0.94466996,0.0,-0.0016438583
0.5,0.9446437,0.0,-0.0016438583
0.5,0.9445736,0.0,-0.0058552716
0.5,0.9444799,0.0,-0.0058552716
0.5,0.9443745,0.0,-0.0058552716
0.5,0.9442984,0.0,-0.0058552716
0.5,0.94418126,0.0,-0.0058552716
0.5,0.9440817,0.0,-0.0058552716
0.5,0.9439881,0.0,-0.0058552716
0.5,0.94480073,0.0,0.051095475
0.5,0.94566935,0.0,0.051095475
0.5,0.94638467,0.0,0.051095475
0.5,0.9473555,0.0,0.051095475
0.5,0.9482752,0.0,0.051095475
0.5,0.94909275,0.0,0.051095475
0.5,0.949655,0.0,0.059142377
0.5,0.950897,0.0,0.059142377
0.5,0.9519616,0.0,0.059142377
0.5,0.952967,0.0,0.059142377
0.5,0.9538541,0.0,0.059142377
0.5,0.95485955,0.0,0.059142377
0.5,0.95586497,0.0,0.059142377
0.5,0.9565167,0.0,0.027101373
0.5,0.95697737,0.0,0.027101373
0.5,0.957411,0.0,0.027101373
0.5,0.9578446,0.0,0.027101373
0.5,0.9583324,0.0,0.027101373
0.5,0.95876604,0.0,0.027101373
0.5,0.95919967,0.0,0.027101373
0.5,0.95878655,0.0,-0.027343575
0.5,0.9583217,0.0,-0.027343575
0.5,0.95791155,0.0,-0.027343575
0.5,0.95739204,0.0,-0.027343575
0.5,0.9569272,0.0,-0.027343575
0.5,0.95651704,0.0,-0.027343575
0.5,0.95578194,0.0,-0.06741591
0.5,0.9547033,0.0,-0.06741591
0.5,0.9536246,0.0,-0.06741591
0.5,0.95254594,0.0,-0.06741591
0.5,0.95133245,0.0,-0.06741591
0.5,0.95018643,0.0,-0.06741591
0.5,0.94910777,0.0,-0.06741591
0.5,0.9476778,0.0,-0.073215865
0.5,0.9468724,0.0,-0.073215865
0.5,0.94548136,0.0,-0.073215865
0.5,0.9443099,0.0,-0.073215865
0.5,0.9429188,0.0,-0.073215865
0.5,0.94182056,0.0,-0.073215865
0.5,0.9406491,0.0,-0.073215865
0.5,0.9396416,0.0,-0.055049114
0.5,0.93876076,0.0,-0.055049114
0.5,0.93782496,0.0,-0.055049114
0.5,0.9369442,0.0,-0.055049114
0.5,0.93595326,0.0,-0.055049114
0.5,0.9350725,0.0,-0.055049114
0.5,0.9342832,0.0,-0.03709502
0.5,0.9336155,0.0,-0.03709502
0.5,0.93302196,0.0,-0.03709502
0.5,0.9324284,0.0,-0.03709502
0.5,0.9317607,0.0,-0.03709502
0.5,0.9311672,0.0,-0.03709502
0.5,0.9305737,0.0,-0.03709502
0.5,0.9299653,0.0,-0.035092425
0.5,0.9293336,0.0,-0.035092425
0.5,0.92880726,0.0,-0.035092425
0.5,0.9282458,0.0,-0.035092425
0.5,0.92754394,0.0,-0.035092425
0.5,0.92701757,0.0,-0.035092425
0.5,0.92652625,0.0,-0.035092425
0.5,0.926243,0.0,-0.012687943
0.5,0.9260273,0.0,-0.012687943
0.5,0.92581165,0.0,-0.012687943
0.5,0.92560863,0.0,-0.012687943
0.5,0.9254056,0.0,-0.012687943
0.5,0.9251645,0.0,-0.012687943
0.5,0.9249847,0.0,-0.009436208
0.5,0.9248432,0.0,-0.009436208
0.5,0.9246639,0.0,-0.009436208
0.5,0.92452234,0.0,-0.009436208
0.5,0.92436194,0.0,-0.009436208
0.5,0.9242015,0.0,-0.009436208
0.5,0.92406,0.0,-0.009436208
0.5,0.9239294,0.0,-0.0067558764
0.5,0.9238078,0.0,-0.0067558764
0.5,0.92369974,0.0,-0.0067558764
0.5,0.9235781,0.0,-0.0067558764
0.5,0.92347676,0.0,-0.0067558764
0.5,0.92335516,0.0,-0.0067558764
0.5,0.92321056,0.0,-0.02059468
0.5,0.922881,0.0,-0.02059468
0.5,0.9225515,0.0,-0.02059468
0.5,0.922222,0.0,-0.02059468
0.5,0.9218513,0.0,-0.02059468
0.5,0.92150116,0.0,-0.02059468
0.5,0.92117167,0.0,-0.02059468
0.5,0.92057073,0.0,-0.06464643
0.5,0.91947174,0.0,-0.06464643
0.5,0.91837275,0.0,-0.06464643
0.5,0.9173384,0.0,-0.06464643
0.5,0.91617477,0.0,-0.06464643
0.5,0.9151404,0.0,-0.06464643
0.5,0.9139768,0.0,-0.06464643
0.5,0.91291255,0.0,-0.072410315
0.5,0.911754,0.0,-0.072410315
0.5,0.91066784,0.0,-0.072410315
0.5,0.9092196,0.0,-0.072410315
0.5,0.9081335,0.0,-0.072410315
0.5,0.9069749,0.0,-0.072410315
0.5,0.9056004,0.0,-0.07181582
0.5,0.9044514,0.0,-0.07181582
0.5,0.90315866,0.0,-0.07181582
0.5,0.90208143,0.0,-0.07181582
0.5,0.9008606,0.0,-0.07181582
0.5,0.8995679,0.0,-0.07181582
0.5,0.89849067,0.0,-0.07181582
0.5,0.89712584,0.0,-0.091818154
0.5,0.895565,0.0,-0.091818154
0.5,0.89400405,0.0,-0.091818154
0.5,0.892535,0.0,-0.091818154
0.5,0.8910659,0.0,-0.091818154
0.5,0.88950497,0.0,-0.091818154
0.5,0.88785225,0.0,-0.091818154
0.5,0.88640064,0.0,-0.09049383
0.5,0.8849527,0.0,-0.09049383
0.5,0.88332385,0.0,-0.09049383
0.5,0.88187593,0.0,-0.09049383
0.5,0.880428,0.0,-0.09049383
0.5,0.87898016,0.0,-0.09049383
0.5,0.8774444,0.0,-0.0334244
0.5,0.8769096,0.0,-0.0334244
0.5,0.87637484,0.0,-0.0334244
0.5,0.8757732,0.0,-0.0334244
0.5,0.8752384,0.0,-0.0334244
0.5,0.87477046,0.0,-0.0334244
0.5,0.874102,0.0,-0.0334244
0.5,0.8737125,0.0,-0.030679088
0.5,0.8730682,0.0,-0.030679088
0.5,0.8726387,0.0,-0.030679088
0.5,0.8720558,0.0,-0.030679088
0.5,0.8715343,0.0,-0.030679088
0.5,0.8710741,0.0,-0.030679088
0.5,0.87055254,0.0,-0.030679088
0.5,0.86947274,0.0,-0.07284209
0.5,0.86823446,0.0,-0.07284209
0.5,0.8669233,0.0,-0.07284209
0.5,0.86597633,0.0,-0.07284209
0.5,0.8645923,0.0,-0.07284209
0.5,0.86342686,0.0,-0.07284209
0.5,0.8621751,0.0,-0.07881336
0.5,0.8610717,0.0,-0.07881336
0.5,0.85957426,0.0,-0.07881336
0.5,0.8581556,0.0,-0.07881336
0.5,0.8569734,0.0,-0.07881336
0.5,0.8556336,0.0,-0.07881336
0.5,0.85421497,0.0,-0.07881336
0.5,0.85273665,0.0,-0.119582765
0.5,0.85058415,0.0,-0.119582765
0.5,0.8485513,0.0,-0.119582765
0.5,0.84663796,0.0,-0.119582765
0.5,0.84472466,0.0,-0.119582765
0.5,0.84257215,0.0,-0.119582765
0.5,0.84065884,0.0,-0.119582765
0.5,0.83817255,0.0,-0.17600453
0.5,0.8350045,0.0,-0.17600453
0.5,0.8320124,0.0,-0.17600453
0.5,0.82919633,0.0,-0.17600453
0.5,0.8260283,0.0,-0.17600453
0.5,0.8233882,0.0,-0.17600453
0.5,0.820361,0.0,-0.1913712
0.5,0.81691635,0.0,-0.1913712
0.5,0.8138544,0.0,-0.1913712
0.5,0.8104097,0.0,-0.1913712
0.5,0.80753917,0.0,-0.1913712
0.5,0.8042858,0.0,-0.1913712
0.5,0.80103254,0.0,-0.1913712
0.5,0.79771745,0.0,-0.2218822
0.5,0.7939455,0.0,-0.2218822
0.5,0.7903954,0.0,-0.2218822
0.5,0.78662336,0.0,-0.2218822
0.5,0.7828514,0.0,-0.2218822
0.5,0.7790794,0.0,-0.2218822
0.5,0.77552927,0.0,-0.2218822
0.5,0.77164197,0.0,-0.21491848
0.5,0.76884806,0.0,-0.21491848
0.5,0.7649795,0.0,-0.21491848
0.5,0.76111096,0.0,-0.21491848
0.5,0.7576723,0.0,-0.21491848
0.5,0.75401866,0.0,-0.21491848
0.5,0.750699,0.0,-0.1635894
0.5,0.7477544,0.0,-0.1635894
0.5,0.74530053,0.0,-0.1635894
0.5,0.74235594,0.0,-0.1635894
0.5,0.7399021,0.0,-0.1635894
0.5,0.7367939,0.0,-0.1635894
0.5,0.7340129,0.0,-0.1635894
0.5,0.73230124,0.0,-0.11640728
0.5,0.73032236,0.0,-0.11640728
0.5,0.7279942,0.0,-0.11640728
0.5,0.72601527,0.0,-0.11640728
0.5,0.72415274,0.0,-0.11640728
0.5,0.7220574,0.0,-0.11640728
0.5,0.72031134,0.0,-0.11640728
0.5,0.71900016,0.0,-0.06984222
0.5,0.71774304,0.0,-0.06984222
0.5,0.7168351,0.0,-0.06984222
0.5,0.71550804,0.0,-0.06984222
0.5,0.7143207,0.0,-0.06984222
0.5,0.71313345,0.0,-0.06984222
0.5,0.7118876,0.0,-0.08328792
0.5,0.7106383,0.0,-0.08328792
0.5,0.7091391,0.0,-0.08328792
0.5,0.7078898,0.0,-0.08328792
0.5,0.7063906,0.0,-0.08328792
0.5,0.7049747,0.0,-0.08328792
0.5,0.7035588,0.0,-0.08328792
0.5,0.7024589,0.0,-0.06542298
0.5,0.7013467,0.0,-0.06542298
0.5,0.70010364,0.0,-0.06542298
0.5,0.6990569,0.0,-0.06542298
0.5,0.69801015,0.0,-0.06542298
0.5,0.69696337,0.0,-0.06542298
0.5,0.6958512,0.0,-0.06542298
0.5,0.69572586,0.0,-0.0011567692
0.5,0.6957074,0.0,-0.0011567692
0.5,0.69568884,0.0,-0.0011567692
0.5,0.6956738,0.0,-0.0011567692
0.5,0.6956518,0.0,-0.0011567692
0.5,0.69563216,0.0,-0.0011567692
0.5,0.6958117,0.0,0.044530243
0.5,0.6965242,0.0,0.044530243
0.5,0.6972812,0.0,0.044530243
0.5,0.6979937,0.0,0.044530243
0.5,0.6987952,0.0,0.044530243
0.5,0.69937414,0.0,0.044530243
0.5,0.70026475,0.0,0.044530243
0.5,0.7014805,0.0,0.08865879
0.5,0.7028104,0.0,0.08865879
0.5,0.7044949,0.0,0.08865879
0.5,0.7058248,0.0,0.08865879
0.5,0.707332,0.0,0.08865879
0.5,0.70875055,0.0,0.08865879
0.5,0.7103464,0.0,0.08865879
0.5,0.7115645,0.0,0.07564969
0.5,0.7127749,0.0,0.07564969
0.5,0.7141366,0.0,0.07564969
0.5,0.715347,0.0,0.07564969
0.5,0.716633,0.0,0.07564969
0.5,0.71791905,0.0,0.07564969
0.5,0.7190572,0.0,0.076649114
0.5,0.7203603,0.0,0.076649114
0.5,0.72173995,0.0,0.076649114
0.5,0.72288966,0.0,0.076649114
0.5,0.7241161,0.0,0.076649114
0.5,0.72549576,0.0,0.076649114
0.5,0.7267221,0.0,0.076649114
0.5,0.7284529,0.0,0.13648587
0.5,0.7307732,0.0,0.13648587
0.5,0.73309344,0.0,0.13648587
0.5,0.73541373,0.0,0.13648587
0.5,0.73773396,0.0,0.13648587
0.5,0.74005425,0.0,0.13648587
0.5,0.7425087,0.0,0.13140287
0.5,0.7444798,0.0,0.13140287
0.5,0.746845,0.0,0.13140287
0.5,0.7488161,0.0,0.13140287
0.5,0.75104994,0.0,0.13140287
0.5,0.7531524,0.0,0.13140287
0.5,0.7555176,0.0,0.13140287
0.5,0.7576057,0.0,0.10466345
0.5,0.75928026,0.0,0.10466345
0.5,0.7610596,0.0,0.10466345
0.5,0.7627342,0.0,0.10466345
0.5,0.76440877,0.0,0.10466345
0.5,0.7661881,0.0,0.10466345
0.5,0.76796734,0.0,0.10466345
0.5,0.7693947,0.0,0.07103175
0.5,0.7706023,0.0,0.07103175
0.5,0.77173877,0.0,0.07103175
0.5,0.77287525,0.0,0.07103175
0.5,0.77408284,0.0,0.07103175
0.5,0.77529037,0.0,0.07103175
7.5,0.7767205,-2.0,0.07487906
7.5,0.7776939,-2.0,0.07487906
7.5,0.7789669,-2.0,0.07487906
7.5,0.7802398,-2.0,0.07487906
7.5,0.7814379,-2.0,0.07487906
7.5,0.78271085,-2.0,0.07487906
7.5,0.78398377,-2.0,0.07487906
7.5,0.7852258,-2.0,0.06924343
7.5,0.7864722,-2.0,0.06924343
7.5,0.7875801,-2.0,0.06924343
7.5,0.78861874,-2.0,0.06924343
7.5,0.7900036,-2.0,0.06924343
7.5,0.790973,-2.0,0.06924343
7.5,0.79215014,-2.0,0.06924343
7.5,0.7926767,-2.0,0.01265411
7.5,0.79286647,-2.0,0.01265411
7.5,0.7930943,-2.0,0.01265411
7.5,0.79329675,-2.0,0.01265411
7.5,0.7935245,-2.0,0.01265411
7.5,0.793727,-2.0,0.01265411
7.5,0.79395837,-2.0,0.04474828
7.5,0.79467434,-2.0,0.04474828
7.5,0.7954351,-2.0,0.04474828
7.5,0.7961958,-2.0,0.04474828
7.5,0.7969118,-2.0,0.04474828
7.5,0.79762775,-2.0,0.04474828
7.5,0.7984332,-2.0,0.04474828
7.5,0.7994356,-2.0,0.0709426
7.5,0.80042887,-2.0,0.0709426
7.5,0.80163485,-2.0,0.0709426
7.5,0.8029118,-2.0,0.0709426
7.5,0.80411786,-2.0,0.0709426
7.5,0.8052529,-2.0,0.0709426
7.5,0.806388,-2.0,0.0709426
7.5,0.80771685,-2.0,0.08159197
7.5,0.8091039,-2.0,0.08159197
7.5,0.81040937,-2.0,0.08159197
7.5,0.811878,-2.0,0.08159197
7.5,0.8131835,-2.0,0.08159197
7.5,0.81457055,-2.0,0.08159197
7.5,0.8158776,-2.0,0.084503226
7.5,0.81731415,-2.0,0.084503226
7.5,0.8187507,-2.0,0.084503226
7.5,0.8201873,-2.0,0.084503226
7.5,0.8215393,-2.0,0.084503226
7.5,0.82280684,-2.0,0.084503226
7.5,0.8243279,-2.0,0.084503226
7.5,0.82596713,-2.0,0.10014861
7.5,0.8273692,-2.0,0.10014861
7.5,0.8291719,-2.0,0.10014861
7.5,0.83077425,-2.0,0.10014861
7.5,0.83257693,-2.0,0.10014861
7.5,0.83417934,-2.0,0.10014861
7.5,0.83598197,-2.0,0.10014861
7.5,0.83792996,-2.0,0.13869362
7.5,0.84042645,-2.0,0.13869362
7.5,0.8423681,-2.0,0.13869362
7.5,0.8448646,-2.0,0.13869362
7.5,0.8472224,-2.0,0.13869362
7.5,0.8495802,-2.0,0.13869362
7.5,0.85188067,-2.0,0.10230909
7.5,0.8534153,-2.0,0.10230909
7.5,0.8552569,-2.0,0.10230909
7.5,0.8569961,-2.0,0.10230909
7.5,0.8586331,-2.0,0.10230909
7.5,0.86037236,-2.0,0.10230909
7.5,0.8620093,-2.0,0.10230909
7.5,0.86333525,-2.0,0.046638638
7.5,0.8641747,-2.0,0.046638638
7.5,0.8649676,-2.0,0.046638638
7.5,0.86576045,-2.0,0.046638638
7.5,0.86646,-2.0,0.046638638
7.5,0.86729956,-2.0,0.046638638
7.5,0.86799914,-2.0,0.046638638
7.5,0.868922,-2.0,0.053258106
7.5,0.8697741,-2.0,0.053258106
7.5,0.8706795,-2.0,0.053258106
7.5,0.8714784,-2.0,0.053258106
7.5,0.8723838,-2.0,0.053258106
7.5,0.8733957,-2.0,0.053258106
7.5,0.8742926,-2.0,0.08110971
7.5,0.87567145,-2.0,0.08110971
7.5,0.8768881,-2.0,0.08110971
7.5,0.87834805,-2.0,0.08110971
7.5,0.8796458,-2.0,0.08110971
7.5,0.8810247,-2.0,0.08110971
7.5,0.88232243,-2.0,0.08110971
7.5,0.88388485,-2.0,0.10883619
7.5,0.88562626,-2.0,0.10883619
7.5,0.88747644,-2.0,0.10883619
7.5,0.88921785,-2.0,0.10883619
7.5,0.8911769,-2.0,0.10883619
7.5,0.8929182,-2.0,0.10883619
7.5,0.89465964,-2.0,0.10883619
7.5,0.8969093,-2.0,0.14318268
7.5,0.89920026,-2.0,0.14318268
7.5,0.9017775,-2.0,0.14318268
7.5,0.90421164,-2.0,0.14318268
7.5,0.90650254,-2.0,0.14318268
7.5,0.9089367,-2.0,0.14318268
7.5,0.9112226,-2.0,0.13535058
7.5,0.9135235,-2.0,0.13535058
7.5,0.9156891,-2.0,0.13535058
7.5,0.91812545,-2.0,0.13535058
7.5,0.92029107,-2.0,0.13535058
7.5,0.92272735,-2.0,0.13535058
7.5,0.92489296,-2.0,0.13535058
7.5,0.9268502,-2.0,0.104028136
7.5,0.92861867,-2.0,0.104028136
7.5,0.93038714,-2.0,0.104028136
7.5,0.9319475,-2.0,0.104028136
7.5,0.93382007,-2.0,0.104028136
7.5,0.9354845,-2.0,0.104028136
7.5,0.9376691,-2.0,0.104028136
7.5,0.9388519,-2.0,0.084003784
7.5,0.94002795,-2.0,0.084003784
7.5,0.941624,-2.0,0.084003784
7.5,0.9429681,-2.0,0.084003784
7.5,0.9443121,-2.0,0.084003784
7.5,0.9458242,-2.0,0.084003784
7.5,0.94707775,-2.0,0.074382305
7.5,0.94834226,-2.0,0.074382305
7.5,0.9496811,-2.0,0.074382305
7.5,0.9508712,-2.0,0.074382305
7.5,0.95198697,-2.0,0.074382305
7.5,0.95340025,-2.0,0.074382305
7.5,0.9545903,-2.0,0.074382305
7.5,0.9556105,-2.0,0.04896399
7.5,0.9564429,-2.0,0.04896399
7.5,0.9572753,-2.0,0.04896399
7.5,0.9580587,-2.0,0.04896399
7.5,0.9588911,-2.0,0.04896399
7.5,0.95967454,-2.0,0.04896399
7.5,0.960409,-2.0,0.04896399
7.5,0.96096784,-2.0,0.01971126
7.5,0.9612832,-2.0,0.01971126
7.5,0.9615592,-2.0,0.01971126
7.5,0.9619337,-2.0,0.01971126
7.5,0.96226877,-2.0,0.01971126
7.5,0.96260387,-2.0,0.01971126
7.5,0.96289015,-2.0,-0.008853527
7.5,0.96273965,-2.0,-0.008853527
7.5,0.96259797,-2.0,-0.008853527
7.5,0.96245635,-2.0,-0.008853527
7.5,0.96230584,-2.0,-0.008853527
7.5,0.96218187,-2.0,-0.008853527
7.5,0.9620048,-2.0,-0.008853527
7.5,0.9618835,-2.0,-0.005828957
7.5,0.9618019,-2.0,-0.005828957
7.5,0.96169114,-2.0,-0.005828957
7.5,0.961592,-2.0,-0.005828957
7.5,0.96149296,-2.0,-0.005828957
7.5,0.96139383,-2.0,-0.005828957
7.5,0.9613064,-2.0,-0.005828957
7.5,0.96119505,-2.0,-0.006876171
7.5,0.9610781,-2.0,-0.006876171
7.5,0.96098185,-2.0,-0.006876171
7.5,0.96084434,-2.0,-0.006876171
7.5,0.9607343,-2.0,-0.006876171
7.5,0.9606174,-2.0,-0.006876171
7.5,0.9604426,-2.0,-0.040139463
7.5,0.95980036,-2.0,-0.040139463
7.5,0.959118,-2.0,-0.040139463
7.5,0.9584356,-2.0,-0.040139463
7.5,0.9578335,-2.0,-0.040139463
7.5,0.9570709,-2.0,-0.040139463
7.5,0.95646876,-2.0,-0.040139463
7.5,0.9556356,-2.0,-0.05441595
7.5,0.9547649,-2.0,-0.05441595
7.5,0.95383984,-2.0,-0.05441595
7.5,0.9529148,-2.0,-0.05441595
7.5,0.9520441,-2.0,-0.05441595
7.5,0.95111907,-2.0,-0.05441595
7.5,0.9501396,-2.0,-0.05441595
7.5,0.9491573,-2.0,-0.067423426
7.5,0.9479437,-2.0,-0.067423426
7.5,0.9468649,-2.0,-0.067423426
7.5,0.94585353,-2.0,-0.067423426
7.5,0.94470733,-2.0,-0.067423426
7.5,0.9434937,-2.0,-0.067423426
7.5,0.94240886,-2.0,-0.07086205
7.5,0.9411333,-2.0,-0.07086205
7.5,0.9399995,-2.0,-0.07086205
7.5,0.9388658,-2.0,-0.07086205
7.5,0.9376611,-2.0,-0.07086205
7.5,0.9365273,-2.0,-0.07086205
7.5,0.9353935,-2.0,-0.07086205
7.5,0.9345589,-2.0,-0.019154359
7.5,0.9342142,-2.0,-0.019154359
7.5,0.93388855,-2.0,-0.019154359
7.5,0.93358207,-2.0,-0.019154359
7.5,0.93325645,-2.0,-0.019154359
7.5,0.9329308,-2.0,-0.019154359
7.5,0.9326052,-2.0,-0.019154359
7.5,0.9323376,-2.0,-0.016119584
7.5,0.9320474,-2.0,-0.016119584
7.5,0.93182176,-2.0,-0.016119584
7.5,0.9315316,-2.0,-0.016119584
7.5,0.93125755,-2.0,-0.016119584
7.5,0.93098354,-2.0,-0.016119584
7.5,0.9307186,-2.0,-0.012874293
7.5,0.9305126,-2.0,-0.012874293
7.5,0.93028086,-2.0,-0.012874293
7.5,0.93008775,-2.0,-0.012874293
7.5,0.92986894,-2.0,-0.012874293
7.5,0.92965007,-2.0,-0.012874293
7.5,0.9294312,-2.0,-0.012874293
7.5,0.929285,-2.0,-0.0046351324
7.5,0.92921084,-2.0,-0.0046351324
7.5,0.92913204,-2.0,-0.0046351324
7.5,0.9290579,-2.0,-0.0046351324
7.5,0.9289791,-2.0,-0.0046351324
7.5,0.9289003,-2.0,-0.0046351324
7.5,0.9288215,-2.0,-0.0046351324
7.5,0.9285386,-2.0,-0.019725224
7.5,0.928223,-2.0,-0.019725224
7.5,0.9278877,-2.0,-0.019725224
7.5,0.92755234,-2.0,-0.019725224
7.5,0.9271973,-2.0,-0.019725224
7.5,0.9269014,-2.0,-0.019725224
7.5,0.9266232,-2.0,5.7355134E-4
7.5,0.92663354,-2.0,5.7355134E-4
7.5,0.9266433,-2.0,5.7355134E-4
7.5,0.92665243,-2.0,5.7355134E-4
7.5,0.9266622,-2.0,5.7355134E-4
7.5,0.9266714,-2.0,5.7355134E-4
7.5,0.92668056,-2.0,5.7355134E-4
7.5,0.9268626,-2.0,0.019967426
7.5,0.92720205,-2.0,0.019967426
7.5,0.9275215,-2.0,0.019967426
7.5,0.92788094,-2.0,0.019967426
7.5,0.92818046,-2.0,0.019967426
7.5,0.9285399,-2.0,0.019967426
7.5,0.9288793,-2.0,0.019967426
7.5,0.929658,-2.0,0.050860252
7.5,0.9304718,-2.0,0.050860252
7.5,0.93128556,-2.0,0.050860252
7.5,0.932201,-2.0,0.050860252
7.5,0.93291306,-2.0,0.050860252
7.5,0.9338794,-2.0,0.050860252
7.5,0.93454057,-2.0,0.050860252
7.5,0.9353995,-2.0,0.045167167
7.5,0.9361221,-2.0,0.045167167
7.5,0.9369803,-2.0,0.045167167
7.5,0.937703,-2.0,0.045167167
7.5,0.9383805,-2.0,0.045167167
7.5,0.9391032,-2.0,0.045167167
7.5,0.9399329,-2.0,0.041961614
7.5,0.94064623,-2.0,0.041961614
7.5,0.9413596,-2.0,0.041961614
7.5,0.94194704,-2.0,0.041961614
7.5,0.9426604,-2.0,0.041961614
7.5,0.94345766,-2.0,0.041961614
7.5,0.9440871,-2.0,0.041961614
7.5,0.9450863,-2.0,0.058335215
7.5,0.94601965,-2.0,0.058335215
7.5,0.94701135,-2.0,0.058335215
7.5,0.94800305,-2.0,0.058335215
7.5,0.94881976,-2.0,0.058335215
7.5,0.9499281,-2.0,0.058335215
7.5,0.95079374,-2.0,0.035056442
7.5,0.9514248,-2.0,0.035056442
7.5,0.95198566,-2.0,0.035056442
7.5,0.95258164,-2.0,0.035056442
7.5,0.9531776,-2.0,0.035056442
7.5,0.95377356,-2.0,0.035056442
7.5,0.95436954,-2.0,0.035056442
7.5,0.9543386,-2.0,-0.024597727
7.5,0.9539204,-2.0,-0.024597727
7.5,0.95352685,-2.0,-0.024597727
7.5,0.9531087,-2.0,-0.024597727
7.5,0.95269054,-2.0,