0.5,0.49105904,0.0,-0.004464108
0.5,0.49105904,0.0,-0.0045137093
0.5,0.49095523,0.0,-0.0045633106
0.5,0.49088222,0.0,-0.0046129115
0.5,0.49080378,0.0,-0.004662513
0.5,0.49072453,0.0,-0.0047121146
0.5,0.49064443,0.0,-0.004761716
0.5,0.49056822,0.0,-0.0048113167
0.5,0.49048644,0.0,-0.004860918
0.5,0.4904038,0.0,-0.0049105193
0.5,0.49032524,0.0,-0.004960121
0.5,0.49024588,0.0,-0.005009722
0.5,0.4901607,0.0,-0.0050593237
0.5,0.49007976,0.0,-0.0051089246
0.5,0.48999292,0.0,-0.005158526
0.5,0.4899052,0.0,-0.0052081277
0.5,0.48982188,0.0,-0.0052577285
0.5,0.48973775,0.0,-0.00530733
0.5,0.48964754,0.0,-0.005356931
0.5,0.48955646,0.0,-0.0054065324
0.5,0.48946455,0.0,-0.005456134
0.5,0.48937726,0.0,-0.005505735
0.5,0.48927817,0.0,-0.0055553364
0.5,0.48918372,0.0,-0.0056049377
0.5,0.48909405,0.0,-0.005654539
0.5,0.48900357,0.0,-0.0057041408
0.5,0.4889066,0.0,-0.0057537416
0.5,0.48880878,0.0,-0.005803343
0.5,0.48871014,0.0,-0.005852944
0.5,0.48861063,0.0,-0.0059025455
0.5,0.48851028,0.0,-0.0059521464
0.5,0.4884091,0.0,-0.006001748
0.5,0.48831308,0.0,-0.0060513495
0.5,0.4882223,0.0,-0.0061009508
0.5,0.48811248,0.0,-0.006150552
0.5,0.48801407,0.0,-0.006200153
0.5,0.48790866,0.0,-0.0062497547
0.5,0.48780867,0.0,-0.006299356
0.5,0.4877016,0.0,-0.006348957
0.5,0.48759365,0.0,-0.0063985586
0.5,0.48753887,0.0,-0.002649443
0.5,0.4874912,0.0,-0.002649443
0.5,0.48744845,0.0,-0.0026902037
0.5,0.48740274,0.0,-0.002710584
0.5,0.48735937,0.0,-0.0027309647
0.5,0.48731294,0.0,-0.0027513448
0.5,0.48726892,0.0,-0.0027513448
0.5,0.4872218,0.0,-0.0027921055
0.5,0.48717433,0.0,-0.002812486
0.5,0.48712653,0.0,-0.0028328665
0.5,0.48707837,0.0,-0.0028532466
0.5,0.4870327,0.0,-0.002873627
0.5,0.48698387,0.0,-0.0028940074
0.5,0.48694044,0.0,-0.0029143877
0.5,0.486888,0.0,-0.0029347679
0.5,0.4868381,0.0,-0.0029551485
0.5,0.48678786,0.0,-0.0029755288
0.5,0.48673728,0.0,-0.0029959092
0.5,0.48667136,0.0,-0.0030162896
0.5,0.48662913,0.0,-0.0030366697
0.5,0.48658967,0.0,-0.0030570503
0.5,0.48654073,0.0,-0.0030774307
0.5,0.48646995,0.0,-0.003097811
0.5,0.4864173,0.0,-0.0031181914
0.5,0.48638612,0.0,-0.0031385715
0.5,0.48633277,0.0,-0.003158952
0.5,0.48627907,0.0,-0.0031793325
0.5,0.4862282,0.0,-0.0031997126
0.5,0.4861738,0.0,-0.0032200932
0.5,0.48611906,0.0,-0.0032404733
0.5,0.4860672,0.0,-0.003260854
0.5,0.48601177,0.0,-0.0032812343
0.5,0.48595598,0.0,-0.0033016144
0.5,0.48589656,0.0,-0.003321995
0.5,0.48584673,0.0,-0.0033423752
0.5,0.48579326,0.0,-0.0033627555
0.5,0.48573273,0.0,-0.0033831361
0.5,0.48567858,0.0,-0.0034035163
0.5,0.48561734,0.0,-0.0034238969
0.5,0.485566,0.0,-0.003444277
0.5,0.48557302,0.0,0.0044933897
0.5,0.48564494,0.0,0.0045198216
0.5,0.48571724,0.0,0.0045462535
0.5,0.4857945,0.0,0.004572685
0.5,0.48586768,0.0,0.0045991167
0.5,0.48594588,0.0,0.0046255486
0.5,0.48602915,0.0,0.0046519805
0.5,0.48609892,0.0,0.004678412
0.5,0.48617846,0.0,0.0047048437
0.5,0.48626313,0.0,0.0047312756
0.5,0.48633882,0.0,0.0047577075
0.5,0.48641497,0.0,0.004784139
0.5,0.4864963,0.0,0.0048105707
0.5,0.48657325,0.0,0.0048370026
0.5,0.48666033,0.0,0.004863434
0.5,0.486743,0.0,0.004889866
0.5,0.48681635,0.0,0.0049162977
0.5,0.48690486,0.0,0.004942729
0.5,0.48698393,0.0,0.004969161
0.5,0.48707336,0.0,0.004995593
0.5,0.4871533,0.0,0.0050220247
0.5,0.48723868,0.0,0.005048456
0.5,0.4873144,0.0,0.005074888
0.5,0.48740068,0.0,0.00510132
0.5,0.4874874,0.0,0.0051277513
0.5,0.48757458,0.0,0.005154183
0.5,0.4876622,0.0,0.005180615
0.5,0.48775026,0.0,0.005180615
0.5,0.4878336,0.0,0.0052334787
0.5,0.48792255,0.0,0.00525991
0.5,0.48801196,0.0,0.0052863415
0.5,0.48809654,0.0,0.005312774
0.5,0.48820254,0.0,0.014020877
0.5,0.4884409,0.0,0.0140902875
0.5,0.48866636,0.0,0.014159698
0.5,0.48890707,0.0,0.014229109
0.5,0.48913473,0.0,0.014298518
0.5,0.48937783,0.0,0.014367929
0.5,0.4896077,0.0,0.014437339
0.5,0.48985314,0.0,0.014437339
0.5,0.49011424,0.0,0.014576159
0.5,0.49031833,0.0,0.014576159
0.5,0.49058193,0.0,0.0147149805
0.5,0.4908321,0.0,0.014784391
0.5,0.49108344,0.0,0.014853801
0.5,0.4913211,0.0,0.014923211
0.5,0.4915151,0.0,0.014923211
0.5,0.49182993,0.0,0.014992622
0.5,0.49207094,0.0,0.015131442
0.5,0.49232817,0.0,0.015200853
0.5,0.49257138,0.0,0.015270264
0.5,0.49283096,0.0,0.015339674
0.5,0.49309176,0.0,0.015339674
0.5,0.4933383,0.0,0.015478495
0.5,0.49360144,0.0,0.015478495
0.5,0.4938502,0.0,0.015617316
0.5,0.49411568,0.0,0.015686726
0.5,0.4944765,0.0,0.015756136
0.5,0.49474433,0.0,0.015825545
0.5,0.4949817,0.0,0.015894957
0.5,0.49543542,0.0,0.033848487
0.5,0.49597698,0.0,0.033995654
0.5,0.4965549,0.0,0.034142822
0.5,0.49689636,0.0,0.03428999
0.5,0.49747926,0.0,0.034437157
0.5,0.4980647,0.0,0.034584325
0.5,0.49882555,0.0,0.034731492
0.5,0.49945074,0.0,0.03487866
0.5,0.50000876,0.0,0.035025824
0.5,0.5006042,0.0,0.03517299
0.5,0.50113183,0.0,0.03532016
0.5,0.5017323,0.0,0.035467327
0.5,0.5021224,0.0,0.035614494
0.5,0.50272787,0.0,0.03576166
0.5,0.50337154,0.0,0.03590883
0.5,0.5039461,0.0,0.036055997
0.5,0.50455904,0.0,0.036203165
0.5,0.5051745,0.0,0.036350332
0.5,0.50575614,0.0,0.0364975
0.5,0.5064131,0.0,0.036644667
0.5,0.5069627,0.0,0.036791835
0.5,0.5075882,0.0,0.036939
0.5,0.50821614,0.0,0.037086166
0.5,0.50884664,0.0,0.03723333
0.5,0.5094424,0.0,0.037380494
0.5,0.5101702,0.0,0.061221614
0.5,0.5112722,0.0,0.0614617
0.5,0.51225555,0.0,0.061701782
0.5,0.51330453,0.0,0.061941862
0.5,0.5143575,0.0,0.062181946
0.5,0.5153524,0.0,0.062422026
0.51,0.5164136,0.0,0.0626621
0.51,0.5174162,0.0,0.06290219
0.51,0.51848555,0.0,0.06314227
0.51,0.51955897,0.0,0.06338235
0.51,0.52063644,0.0,0.06362243
0.51,0.5216544,0.0,0.06386251
0.51,0.52280396,0.0,0.0641026
0.51,0.5238296,0.0,0.06434268
0.51,0.5248591,0.0,0.06458276
0.51,0.525957,0.0,0.06482284
0.51,0.52699417,0.0,0.06506292
0.51,0.5281002,0.0,0.06506292
0.51,0.5292103,0.0,0.065543085
0.51,0.5303246,0.0,0.065783165
0.51,0.53137714,0.0,0.066023245
0.51,0.5324995,0.0,0.066263326
0.51,0.5339903,0.0,0.08578766
0.51,0.5350198,0.0,0.08609735
0.51,0.53631127,0.0,0.08640706
0.51,0.5378666,0.0,0.08640706
0.51,0.53925407,0.0,0.08702645
0.51,0.5407335,0.0,0.08733615
0.51,0.5422182,0.0,0.08764584
0.51,0.5437082,0.0,0.08795555
0.51,0.5451155,0.0,0.08826525
0.51,0.54670423,0.0,0.08857494
0.52,0.5480329,0.0,0.088884644
0.52,0.5495439,0.0,0.08919434
0.53,0.5511494,0.0,0.08950404
0.54,0.55249196,0.0,0.08981374
0.55,0.55428827,0.0,0.090123445
0.55,0.55555,0.0,0.090433136
0.56,0.55708736,0.0,0.090742834
0.57,0.55863,0.0,0.09105254
0.57,0.5599958,0.0,0.09136223
0.58,0.56154895,0.0,0.091671936
0.59,0.5631073,0.0,0.091981634
0.59,0.56467104,0.0,0.092291325
0.59999996,0.56617004,0.0,0.094152234
0.59999996,0.5678648,0.0,0.09446712
0.59999996,0.56937623,0.0,0.09478201
0.59999996,0.57089275,0.0,0.0950969
0.59999996,0.5725094,0.0,0.09541178
0.59999996,0.5741314,0.0,0.09572667
0.59999996,0.57575876,0.0,0.09604156
0.59999996,0.57739145,0.0,0.09635644
0.59999996,0.57922226,0.0,0.09667133
0.59999996,0.5808657,0.0,0.09698622
0.61,0.58193254,0.0,0.097301096
0.61,0.5836839,0.0,0.09761599
0.61,0.585441,0.0,0.09793088
0.61,0.5870079,0.0,0.09824577
0.61,0.58857983,0.0,0.09824577
0.61,0.5902554,0.0,0.09887554
0.61,0.5920351,0.0,0.09919043
0.61,0.5936222,0.0,0.099505305
0.61,0.59521425,0.0,0.0998202
0.61,0.5969465,0.0,0.09100368
0.61,0.5984025,0.0,0.091289856
0.61,0.5998632,0.0,0.091576025
0.61,0.6014199,0.0,0.0918622
0.61,0.60298157,0.0,0.09214837
0.61,0.60445595,0.0,0.09243455
0.61,0.6061198,0.0,0.09272072
0.61,0.6076033,0.0,0.093006894
0.61,0.60918444,0.0,0.093293056
0.61,0.61058384,0.0,0.09357923
0.61,0.6121747,0.0,0.0938654
0.61,0.61377037,0.0,0.09415158
0.61,0.6152768,0.0,0.09443775
0.61,0.6169767,0.0,0.094723925
0.61,0.618587,0.0,0.095010094
0.61,0.6201072,0.0,0.09529627
0.61,0.6216319,0.0,0.09558243
0.61,0.6232568,0.0,0.09586861
0.62,0.6248866,0.0,0.09615478
0.63,0.6265547,0.0,0.104439795
0.64,0.628964,0.0,0.10506146
0.64,0.6301197,0.0,0.10537229
0.65,0.63201636,0.0,0.10568311
0.65999997,0.6337073,0.0,0.10599394
0.65999997,0.6354032,0.0,0.10630477
0.67,0.63721037,0.0,0.1066156
0.68,0.6389162,0.0,0.10692643
0.68,0.6408409,0.0,0.10723726
0.69,0.64255667,0.0,0.107548095
0.70000005,0.64438504,0.0,0.107858926
0.71000004,0.6461108,0.0,0.10816976
0.71000004,0.6480578,0.0,0.10848058
0.71000004,0.649685,0.0,0.10879141
0.71000004,0.6516433,0.0,0.10910224
0.71000004,0.6533889,0.0,0.10941307
0.71000004,0.6551395,0.0,0.109723896
0.71000004,0.657273,0.0,0.13950887
0.71000004,0.65964466,0.0,0.13990296
0.71000004,0.6618831,0.0,0.14029704
0.71000004,0.66426814,0.0,0.14069113
0.71000004,0.6666599,0.0,0.14108522
0.71000004,0.6690583,0.0,0.14147931
0.71000004,0.671322,0.0,0.1418734
0.71000004,0.67373383,0.0,0.1422675
0.71000004,0.67601013,0.0,0.1422675
0.71000004,0.6784354,0.0,0.14305568
0.71000004,0.6808673,0.0,0.14344975
0.71000004,0.6831625,0.0,0.14384384
0.71000004,0.6857517,0.0,0.14423794
0.71000004,0.6880595,0.0,0.14463203
0.71000004,0.69051826,0.0,0.14502612
0.71000004,0.69283867,0.0,0.14542021
0.71000004,0.69531083,0.0,0.1458143
0.71000004,0.69801027,0.0,0.17022292
0.71000004,0.70107424,0.0,0.17068176
0.71000004,0.7036345,0.0,0.17114057
0.71000004,0.70654386,0.0,0.17159939
0.71000004,0.7094611,0.0,0.1720582
0.71000004,0.7123861,0.0,0.17251702
0.71000004,0.7151463,0.0,0.17297584
0.71000004,0.7179139,0.0,0.17343464
0.71000004,0.7208623,0.0,0.17389348
0.71000004,0.72381854,0.0,0.17435229
0.71000004,0.7267825,0.0,0.17481111
0.71000004,0.7297543,0.0,0.17526992
0.71000004,0.73255867,0.0,0.17572874
0.71000004,0.73554605,0.0,0.17618756
0.72,0.738365,0.0,0.17664637
0.72,0.7413643,0.0,0.1680065
0.72,0.7442204,0.0,0.16844174
0.72,0.74691546,0.0,0.16887698
0.72,0.75063074,0.0,0.16931222
0.72,0.75333977,0.0,0.16974747
0.72,0.75554645,0.0,0.17018273
0.72,0.7592905,0.0,0.17061798
0.72,0.76202035,0.0,0.17105322
0.72,0.7649283,0.0,0.17148846
0.72,0.76698613,0.0,0.17192371
0.72,0.76973695,0.0,0.17235896
0.72,0.77266705,0.0,0.1727942
0.72,0.77560455,0.0,0.1727942
0.72,0.7790691,0.0,0.17366469
0.72,0.7820214,0.0,0.17409994
0.72,0.78495735,0.0,0.14866124
0.72,0.7874846,0.0,0.14903195
0.72,0.789571,0.0,0.14940268
0.72,0.79151326,0.0,0.1497734
0.72,0.7939096,0.0,0.15014413
0.72,0.7961618,0.0,0.15051484
0.72,0.79917204,0.0,0.15088558
0.72,0.8017371,0.0,0.15125631
0.72,0.8043085,0.0,0.15162702
0.72,0.8067345,0.0,0.15199775
0.73,0.8093185,0.0,0.15236847
0.74,0.8119087,0.0,0.1527392
0.74,0.8143526,0.0,0.15310991
0.75,0.81695545,0.0,0.15348063
0.76,0.8195646,0.0,0.15385136
0.76,0.82200354,0.0,0.12789108
0.77,0.8241777,0.0,0.1281985
0.78,0.82635707,0.0,0.12850593
0.78,0.82854164,0.0,0.12881337
0.78999996,0.83060265,0.0,0.12912078
0.79999995,0.8326686,0.0,0.12942821
0.79999995,0.8348689,0.0,0.12973565
0.79999995,0.8370744,0.0,0.13004307
0.79999995,0.8391551,0.0,0.1303505
0.79999995,0.84137106,0.0,0.13065793
0.79999995,0.8435922,0.0,0.13096535
0.79999995,0.8456876,0.0,0.13127278
0.79999995,0.8479193,0.0,0.13158022
0.80999994,0.8501561,0.0,0.13188764
0.80999994,0.8522664,0.0,0.13219507
0.80999994,0.8540813,0.0,0.10198057
0.80999994,0.85581493,0.0,0.102217175
0.80999994,0.85755265,0.0,0.10245379
0.80999994,0.8591919,0.0,0.1026904
0.80999994,0.8609376,0.0,0.102927014
0.80999994,0.8626874,0.0,0.10316362
0.80999994,0.86444116,0.0,0.10340024
0.80999994,0.86609554,0.0,0.103636846
0.80999994,0.86775374,0.0,0.10387346
0.80999994,0.8695196,0.0,0.10411007
0.80999994,0.8712895,0.0,0.104346685
0.80999994,0.872959,0.0,0.10458329
0.80999994,0.8748415,0.0,0.10481991
0.80999994,0.87647897,0.0,0.08617078
0.80999994,0.8778577,0.0,0.08636486
0.80999994,0.8794123,0.0,0.08655894
0.81999993,0.8807972,0.0,0.086753
0.81999993,0.8821853,0.0,0.08694708
0.81999993,0.8837503,0.0,0.08714116
0.81999993,0.8851446,0.0,0.08733524
0.81999993,0.8866293,0.0,0.08752932
0.81999993,0.88811725,0.0,0.0877234
0.81999993,0.88943315,0.0,0.08791746
0.81999993,0.89101565,0.0,0.08811154
0.81999993,0.8924254,0.0,0.08830562
0.81999993,0.8939266,0.0,0.0884997
0.81999993,0.8954311,0.0,0.088693775
0.81999993,0.8966796,0.0,0.07563047
0.81999993,0.8978896,0.0,0.07563047
0.81999993,0.89948136,0.0,0.07596073
0.81999993,0.9003929,0.0,0.07596073
0.81999993,0.90176314,0.0,0.076290995
0.81999993,0.9030601,0.0,0.07645612
0.81999993,0.9042834,0.0,0.07662125
0.81999993,0.90558594,0.0,0.076786384
0.81999993,0.9068913,0.0,0.07695151
0.81999993,0.90812254,0.0,0.077116646
0.81999993,0.90943354,0.0,0.07728178
0.81999993,0.91067004,0.0,0.07744691
0.81999993,0.91198665,0.0,0.07761204
0.81999993,0.9129686,0.0,0.057751123
0.81999993,0.9140081,0.0,0.057873733
0.81999993,0.914992,0.0,0.057996348
0.8299999,0.9159199,0.0,0.05811896
0.8399999,0.9168498,0.0,0.058241576
0.8399999,0.9178981,0.0,0.058364186
0.8499999,0.91883194,0.0,0.0584868
0.8599999,0.91976774,0.0,0.058609415
0.8699999,0.92076415,0.0,0.05873202
0.8699999,0.92270225,0.0,0.058854636
0.8799999,0.92270225,0.0,0.05897725
0.8799999,0.92494017,0.0,0.0273316
0.90999985,0.9254048,0.0,0.027388304
0.90999985,0.92587036,0.0,0.027445009
0.91999984,0.92633694,0.0,0.027501713
0.9299998,0.9268045,0.0,0.027558416
0.9299998,0.92724544,0.0,0.02761512
0.9399998,0.9276873,0.0,0.027671827
0.9499998,0.9281577,0.0,0.02772853
0.9499998,0.9286013,0.0,0.027785234
0.9599998,0.92901814,-0.19999623,0.027841937
0.9599998,0.92954713,-0.19999623,0.027898643
0.9599998,0.9299656,-0.19999623,0.027955346
0.9599998,0.93048793,-0.19999623,0.029697748
0.9599998,0.9309928,-0.19999623,0.029757865
0.9599998,0.93149865,-0.19999623,0.029817982
0.9599998,0.9319757,-0.19999623,0.029878099
0.9599998,0.9324538,-0.19999623,0.029938215
0.9599998,0.9330226,-0.19999623,0.029998332
0.9599998,0.9335326,-0.19999623,0.030058447
0.9599998,0.9340436,-0.19999623,0.030118566
0.9599998,0.9345556,-0.19999623,0.030178683
0.9599998,0.93503845,-0.19999623,0.0302388
0.9599998,0.93555254,-0.19999623,0.030298915
0.9599998,0.9360676,-0.19999623,0.030359032
0.9599998,0.9366929,-0.19999623,0.04129235
0.9599998,0.93739486,-0.19999623,0.041373953
0.9599998,0.93809825,-0.19999623,0.04145556
0.9599998,0.93876153,-0.19999623,0.041537162
0.9599998,0.93946767,-0.19999623,0.04161877
0.9599998,0.9401336,-0.19999623,0.041700374
0.9599998,0.94084245,-0.19999623,0.04178198
0.9599998,0.94155276,-0.19999623,0.041863583
0.9599998,0.94226444,-0.19999623,0.04194519
0.9599998,0.9429355,-0.19999623,0.042026795
0.9599998,0.94365,-0.19999623,0.042108398
0.9599998,0.9443612,-0.19999623,0.037576012
0.9599998,0.9451503,-0.19999623,0.037576012
0.9599998,0.94571507,-0.19999623,0.037721373
0.9599998,0.94624317,-0.19999623,0.037794054
0.9599998,0.94684786,-0.19999623,0.037866734
0.9599998,0.9474916,-0.19999623,0.037939414
0.9599998,0.94813657,-0.19999623,0.038012095
0.9599998,0.94878274,-0.19999623,0.038084775
0.9599998,0.94939214,-0.19999623,0.038157456
0.9599998,0.9500408,-0.19999623,0.038230136
0.9599998,0.9506525,-0.19999623,0.038302816
0.9599998,0.9513036,-0.19999623,0.038375497
0.9599998,0.951967,-0.19999623,0.0441882
0.9599998,0.9527639,-0.19999623,0.04427189
0.9599998,0.95347357,-0.19999623,0.044439267
0.9599998,0.95422906,-0.19999623,0.044522956
0.9599998,0.954986,-0.19999623,0.04460665
0.9599998,0.9556997,-0.19999623,0.044690337
0.9599998,0.9564594,-0.19999623,0.044774026
0.9599998,0.9571758,-0.19999623,0.044857714
0.9599998,0.9579384,-0.19999623,0.044941403
0.9499998,0.9587024,0.0,0.04502509
0.9499998,0.95946777,0.0,0.04510878
0.9499998,0.96009105,0.0,0.025748724
0.9499998,0.9605288,0.0,0.025796406
0.9499998,0.96094155,0.0,0.02584409
0.9499998,0.9613809,0.0,0.025891772
0.9499998,0.96179515,0.0,0.025939455
0.9499998,0.9622361,0.0,0.025987135
0.9499998,0.9626779,0.0,0.026034819
0.9499998,0.96312046,0.0,0.0260825
0.9499998,0.9635378,0.0,0.026130183
0.9499998,0.96408653,0.0,0.026177866
0.9499998,0.96453154,0.0,0.026225548
0.9499998,0.9647065,0.0,-0.005027774
0.9399998,0.9645959,0.0,-0.005027774
0.9399998,0.9645254,0.0,-0.005046024
0.9399998,0.9644396,0.0,-0.005046024
0.9399998,0.9643486,0.0,-0.0050642733
0.9399998,0.96428275,0.0,-0.005073398
0.9399998,0.96420157,0.0,-0.0050825225
0.9399998,0.9640949,0.0,-0.0050825225
0.9399998,0.96401846,0.0,-0.0051007723
0.9399998,0.9639267,0.0,-0.005109897
0.9399998,0.96385,0.0,-0.0051190215
0.9399998,0.96325696,0.0,-0.045036506
0.9399998,0.9624013,0.0,-0.04511664
0.9299998,0.96181476,0.0,-0.04511664
0.9299998,0.961182,0.0,-0.045276914
0.9299998,0.9604123,0.0,-0.04535705
0.9299998,0.9596866,0.0,-0.045437183
0.9299998,0.95891416,0.0,-0.045437183
0.9299998,0.9581859,0.0,-0.045597456
0.9299998,0.95741075,0.0,-0.04567759
0.9299998,0.9566342,0.0,-0.045757726
0.9299998,0.9558563,0.0,-0.04583786
0.9299998,0.9550542,0.0,-0.050558057
0.9299998,0.9541947,0.0,-0.05064629
0.9299998,0.9533844,0.0,-0.050734524
0.9299998,0.9525219,0.0,-0.050822757
0.9299998,0.9516579,0.0,-0.05091099
0.9299998,0.95084333,0.0,-0.050999224
0.9299998,0.94972134,0.0,-0.051087458
0.9299998,0.9490572,0.0,-0.05117569
0.9299998,0.9482896,0.0,-0.051263925
0.91999984,0.94736683,0.0,-0.05135216
0.91999984,0.9469384,0.0,-0.00550081
0.91999984,0.9468449,0.0,-0.005510245
0.91999984,0.94675124,0.0,-0.0055196807
0.91999984,0.94665736,0.0,-0.005529116
0.91999984,0.9465689,0.0,-0.0055385516
0.91999984,0.9464748,0.0,-0.0055479864
0.91999984,0.94638044,0.0,-0.0055574216
0.91999984,0.9462915,0.0,-0.0055668573
0.91999984,0.9461969,0.0,-0.005576292
0.91999984,0.9461077,0.0,-0.0055857277
0.91999984,0.9460325,0.0,-7.892608E-4
0.91999984,0.9460191,0.0,-7.905918E-4
0.90999985,0.9460065,0.0,-7.9192274E-4
0.90999985,0.945993,0.0,-7.932537E-4
0.90999985,0.94597954,0.0,-7.9458463E-4
0.90999985,0.945966,0.0,-7.959156E-4
0.90999985,0.9459533,0.0,-7.972465E-4
0.90999985,0.9459397,0.0,-7.985775E-4
0.90999985,0.94592613,0.0,-7.999084E-4
0.90999985,0.94591254,0.0,-8.0123945E-4
0.90999985,0.94590855,0.0,0.00157495
0.90999985,0.9459337,0.0,0.001577562
0.90999985,0.9459605,0.0,0.0015801737
0.90999985,0.9459874,0.0,0.0015827855
0.89999986,0.9460143,0.0,0.0015853974
0.89999986,0.9460397,0.0,0.0015880092
0.89999986,0.9460667,0.0,0.0015906211
0.89999986,0.94609374,0.0,0.0015932329
0.89999986,0.9461208,0.0,0.0015958447
0.89999986,0.9461479,0.0,0.0015984565
0.89999986,0.9463062,0.0,0.02371569
0.89999986,0.9467094,0.0,0.023754377
0.89999986,0.9470895,0.0,0.023793064
0.89999986,0.9474702,0.0,0.023831753
0.89999986,0.9478753,0.0,0.02387044
0.89999986,0.9482811,0.0,0.023909127
0.89999986,0.94868755,0.0,0.023947814
0.89999986,0.94909465,0.0,0.023986503
0.89999986,0.94947845,0.0,0.02402519
0.89999986,0.94986284,0.0,0.024063878
0.89999986,0.950313,0.0,0.028237745
0.89999986,0.950793,0.0,0.028283069
0.89999986,0.95127386,0.0,0.028328395
0.89999986,0.9517554,0.0,0.02837372
0.89999986,0.9522378,0.0,0.028419046
0.89999986,0.95269245,0.0,0.02846437
0.89999986,0.9531479,0.0,0.028509695
0.89999986,0.9536326,0.0,0.02855502
0.89999986,0.954118,0.0,0.028600346
0.89999986,0.9545722,0.0,0.019111805
0.89999986,0.9548971,0.0,0.019142045
0.89999986,0.95520335,0.0,0.019172285
0.89999986,0.95554847,0.0,0.019202525
0.89999986,0.95585567,0.0,0.019232765
0.89999986,0.9561634,0.0,0.019263005
0.89999986,0.9565101,0.0,0.019293245
0.89999986,0.9568188,0.0,0.019323485
0.89999986,0.95714736,0.0,0.019353725
0.89999986,0.95753443,0.0,0.019383965
0.89999986,0.9574199,0.0,-0.016691586
0.89999986,0.95713615,0.0,-0.016717585
0.89999986,0.95685196,0.0,-0.016743585
0.89999986,0.95658404,0.0,-0.016769584
0.89999986,0.95629895,0.0,-0.016795583
0.89999986,0.95601344,0.0,-0.016821584
0.89999986,0.95572746,0.0,-0.016847583
0.89999986,0.9554579,0.0,-0.016873581
0.89999986,0.9551036,0.0,-0.01689958
0.89999986,0.95453465,0.0,-0.049267326
0.89999986,0.95394343,0.0,-0.049343005
0.89999986,0.95305526,0.0,-0.049418684
0.89999986,0.9522646,0.0,-0.049494363
0.89999986,0.95142317,0.0,-0.049570043
0.89999986,0.9505805,0.0,-0.049645722
0.89999986,0.9497861,0.0,-0.0497214
0.89999986,0.94899064,0.0,-0.04979708
0.89999986,0.9481441,0.0,-0.04987276
0.89999986,0.9471241,0.0,-0.0848376
0.89999986,0.94585156,0.0,-0.08496614
0.89999986,0.9444071,0.0,-0.08509468
0.89999986,0.9429605,0.0,-0.08522322
0.89999986,0.9415117,0.0,-0.085351765
0.89999986,0.9401461,0.0,-0.0854803
0.89999986,0.9386929,0.0,-0.08560885
0.89999986,0.93723756,0.0,-0.085737385
0.89999986,0.93578005,0.0,-0.08586593
0.89999986,0.93432045,0.0,-0.13181786
0.89999986,0.9320795,0.0,-0.1320149
0.89999986,0.92983526,0.0,-0.13221194
0.89999986,0.9277199,0.0,-0.13240896
0.89999986,0.9254689,0.0,-0.13260601
0.89999986,0.92334723,0.0,-0.13280304
0.89999986,0.9210896,0.0,-0.13300008
0.89999986,0.9189616,0.0,-0.13319711
0.89999986,0.9166972,0.0,-0.13339415
0.89999986,0.9144326,0.0,-0.13264838
0.89999986,0.91217756,0.0,-0.13284403
0.89999986,0.9099192,0.0,-0.13303968
0.89999986,0.9069923,0.0,-0.13323532
0.89999986,0.90499383,0.0,-0.13343096
0.89999986,0.9032592,0.0,-0.13362661
0.89999986,0.9011212,0.0,-0.13382226
0.89999986,0.8988462,0.0,-0.1340179
0.89999986,0.89670193,0.0,-0.13421355
0.89999986,0.89469194,0.0,-0.09282642
0.89999986,0.8931139,0.0,-0.09296154
0.89999986,0.89162654,0.0,-0.09309666
0.89999986,0.89004385,0.0,-0.093231775
0.89999986,0.88845897,0.0,-0.093231775
0.89999986,0.8868717,0.0,-0.09350201
0.89999986,0.8853757,0.0,-0.09363712
0.89999986,0.88387746,0.0,-0.093772255
0.89999986,0.88228333,0.0,-0.093772255
0.89999986,0.8807451,0.0,-0.08894052
0.89999986,0.87931997,0.0,-0.08919646
0.89999986,0.87771446,0.0,-0.08932443
0.89999986,0.87619597,0.0,-0.08945241
0.89999986,0.8747647,0.0,-0.08958038
0.89999986,0.8727939,0.0,-0.08970835
0.89999986,0.8714483,0.0,-0.089836314
0.89999986,0.87037027,0.0,-0.089964285
0.88999987,0.868737,0.0,-0.095352955
0.88999987,0.867116,0.0,-0.0954884
0.88999987,0.8656837,0.0,-0.09562384
0.88999987,0.8640581,0.0,-0.09575929
0.88999987,0.86243016,0.0,-0.095894724
0.88999987,0.86079997,0.0,-0.09603017
0.88999987,0.85916746,0.0,-0.09603017
0.88999987,0.85714793,0.0,-0.096301064
0.88999987,0.85560715,0.0,-0.09643651
0.88999987,0.8542688,0.0,-0.07688613
0.88999987,0.8529617,0.0,-0.076993965
0.88999987,0.8517298,0.0,-0.0771018
0.88999987,0.8504962,0.0,-0.07720963
0.88999987,0.84949243,0.0,-0.07731746
0.88999987,0.8481781,0.0,-0.0774253
0.88999987,0.84693927,0.0,-0.07753313
0.88999987,0.8452335,0.0,-0.077640966
0.88999987,0.84430724,0.0,-0.036805604
0.88999987,0.84379196,0.0,-0.03685665
0.88999987,0.84309167,0.0,-0.0369077
0.88999987,0.84257495,0.0,-0.036958747
0.88999987,0.8419097,0.0,-0.037009794
0.88999987,0.8414656,0.0,-0.037060842
0.88999987,0.8407985,0.0,-0.03711189
0.88999987,0.8401676,0.0,-0.037162937
0.88999987,0.83957297,0.0,-0.037213985
0.88999987,0.8389522,0.0,-0.036547534
0.8799999,0.83836746,0.0,-0.036597602
0.8699999,0.8377453,0.0,-0.036647666
0.8699999,0.83712226,0.0,-0.03669773
0.8599999,0.8365351,0.0,-0.036747795
0.8499999,0.8359104,0.0,-0.03679786
0.8499999,0.83532166,0.0,-0.036847923
0.8399999,0.8346952,0.0,-0.03689799
0.8299999,0.8332265,0.0,-0.10148794
0.81999993,0.83150125,0.0,-0.101625465
0.81999993,0.8297736,0.0,-0.10176298
0.80999994,0.8281454,0.0,-0.10190049
0.79999995,0.8264131,0.0,-0.10203801
0.79999995,0.8246784,0.0,-0.10217553
0.78999996,0.82304364,0.0,-0.10231305
0.78999996,0.8213043,0.0,-0.10245056
0.78,0.81943697,0.0,-0.12324727
0.77,0.81721854,0.0,-0.123412475
0.76,0.81524396,0.0,-0.12357769
0.75,0.8130195,0.0,-0.1237429
0.75,0.8106684,0.0,-0.12390811
0.74,0.8091815,0.0,-0.12407332
0.74,0.8069482,0.0,-0.124238536
0.73,0.80496037,0.0,-0.12440374
0.72,0.8025176,0.0,-0.14086744
0.71000004,0.80012286,0.0,-0.14105427
0.71000004,0.7980071,0.0,-0.1412411
0.7,0.79560596,0.0,-0.14142792
0.69,0.7932017,0.0,-0.14161475
0.69,0.7909358,0.0,-0.14180158
0.68,0.788667,0.0,-0.1419884
0.66999996,0.78611124,0.0,-0.14217523
0.66999996,0.7817654,0.0,-0.20878552
0.65999997,0.7788424,0.0,-0.2090595
0.65,0.77612466,0.0,-0.20933351
0.65,0.77256596,0.0,-0.2096075
0.64,0.7690026,0.0,-0.2098815
0.63,0.76564455,0.0,-0.21015549
0.61999995,0.7620719,0.0,-0.21042949
0.61999995,0.758705,0.0,-0.21070348
0.60999995,0.75390244,0.0,-0.27590817
0.60999995,0.74948794,0.0,-0.2762665
0.60999995,0.7447914,0.0,-0.2766248
0.60999995,0.7403654,0.0,-0.2769831